"","asv_code","kingdom","supergroup","division","class","order","family","genus","species","kingdom_boot","supergroup_boot","division_boot","class_boot","order_boot","family_boot","genus_boot","species_boot","LABY01_18S","LABY02_18S","LABY03_18S","LABY04_18S","sequence","sum"
"1","asv_001","Eukaryota","Stramenopiles","Sagenista","Labyrinthulomycetes","Labyrinthulida","Labyrinthulaceae","Labyrinthula","Labyrinthula_sp.",100,100,100,100,100,100,100,100,3976,4524,11994,3128,"AGTCATACGCTTGTCTCAAAGATTAAGCCATGCATGTGTAAGTTCAAGCATTTGTAACGTGAAACTGCGAATGGCTCATTACAACAGTTATAGTTTACTTGATAAACCTTCTACAGGGATAACCGTAGTAATTCTAGAGCTAATACTTGCACCTAGCATTTATTGGATTTTACCAGTCCGGCTTGCCGGTTTCGGGTGAGTCACAACAAACAAGCATATCGCCAGTCGATAAATCATTCAAGTTTCTGCCCTATCAGCTGTAGATGGTAGAGTATTGGCCTACCATGGCATTCACGGGTAACGGGGAATTAGGGTTCTATTCCGGAGAGGGAGCCTGAGAGACGGCTACCACATCCAAGGAAGGCAGCAGGCGCGCAAATTACCCAATCCTGACACGGGGAGGTAGTGACAAGGAATAACAATACGGAACCTCATGGTTTTGTAATTGGAATGAGAACAATCTAAAAACATTAGCGAGGATCGATTGGAGGGCAAGTCTGGTGCCAGCAGCCGCGGTAATTCCAGCTCCAATAGCGTATATTAAAGTTGTTGCAGTTAAAAAGCTCGTAGTTGAAGTTCGGGAGAATGGAACCGGACCACGGGACCGCCTCCCAAATTCGCAAACACGACTCCACGTATTAATTTGCGTGTTGCTCGGGTTGCGTCGTTTACTGTGAACAAATTAGGGTGTTTAAAGCAGTCTTACGTTTGAATACACTAGCATGGAATAATAAGATACGACCTTGGTCGAGTTTTATTGGTGACCACCAGGGTAATGATTGATAGGAACTGTTGTGGGTATTCGTATGAGCATGTCAGAGGTGAAATTCTTGGATTTTGATCAGACGAACTACTGCGAAAGCATTTACCAGGGATGTTTTCATTAATCAAGAACGAAAGTTAGGGGATCGAAGATGATTAGATACCATCGTAGTCTTAACCATAAACTATGCCGACTAGGGATTGGTGAACGTATTAAGACGTCATCAGTACCTCGTGAGAAATCAAAGTCTTTGGGTTCTGGGGGGAGTATGGTCGCAAGGCTGAAACTTAAAGGAATTGACGGAAGGGCACCACCAGGAGTGGAGCCTGCGGCTTAATTTGACTCAACACGGGAAAACTTACCAGGTCCAGACATAAGTAGGATTGACAGATTGAGAGCTCTTTCATGATTGTATGGGTGGTGGTGCATGGCCGTTCTTAGTTGGTGGAGTGATTTGTCTGGTTAATTCCGTTAACGAACGAGACCTCAGCCTACTAAATAGACCGAGCATTGTTACAATGCGACGGACTTCTTAGAGGGACTTTCTGGTTCTACCGGAAGGAAGTTTGAGGCAATAACAGGTCTGTGATGCCCTTAGATGTTCTGGGCCGCACGCGCGCTACAATGGCAGACTCAGCGAGTTACCTCTGTCGAAAGGCACAGGGAATCTTTACAGTATCTGCCGTGATGGGGATAGACCCTTGTAATTTTTGGTCTTCAACGAGGAATTCCTAGTAAACGCAAGTCATTAACTTGCATTGATTACGTCCCTGCCCTTTGTACACACCGCCCGTCGCACCTACCGATTGAATGGTCCGGTGAAGTCCTCGGACCCAGTTTAACCTCGAGTTGGACAGGGAAAGTCGACTAAATCTTACCATTTAGAGGAAGGTGAAGTCGTAACAAGGTTTCC",23622
"2","asv_002","Eukaryota","Stramenopiles","Sagenista","Labyrinthulomycetes","Labyrinthulida","Labyrinthulaceae","Labyrinthula","Labyrinthula_sp.",100,100,100,100,100,100,100,100,297,395,1019,279,"AGTCATACGCTTGTCTCAAAGATTAAGCCATGCATGTGTAAGTTCAAGCATTTGTAACGTGAAACTGCGAATGGCTCATTACAACAGTTATAGTTTACTTGATAAACCTTCTACAGGGATAACCGTAGTAATTCTAGAGCTAATACTTGCACCTAGCATTTATTGGATTTTACCAGTCCGGCTTGCCGGTTTCGGGTGAGTCACAACAAACAAGCATATCGCCAGTCGATAAATCATTCAAGTTTCTGCCCTATCAGCTGTAGATGGTAGAGTATAGGCCTACCATGGCATTCACGGGTAACGGGGAATTAGGGTTCTATTCCGGAGAGGGAGCCTGAGAGACGGCTACCACATCCAAGGAAGGCAGCAGGCGCGCAAATTACCCAATCCTGACACGGGGAGGTAGTGACAAGGAATAACAATACGGAACCTCATGGTTTTGTAATTGGAATGAGAACAATCTAAAAACATTAGCGAGGATCGATTGGAGGGCAAGTCTGGTGCCAGCAGCCGCGGTAATTCCAGCTCCAATAGCGTATATTAAAGTTGTTGCAGTTAAAAAGCTCGTAGTTGAAGTTCGGGAGAATGGAACCGGACCACGGGACCGCCTCCCAAATTCGCAAACACGACTCCACGTATTAATTTGCGTGTTGCTCGGGTTGCGTCGTTTACTGTGAACAAATTAGGGTGTTTAAAGCAGTCTTACGTTTGAATACACTAGCATGGAATAATAAGATACGACCTTGGTCGAGTTTTATTGGTGACCACCAGGGTAATGATTGATAGGAACTGTTGTGGGTATTCGTATGAGCATGTCAGAGGTGAAATTCTTGGATTTTGATCAGACGAACTACTGCGAAAGCATTTACCAGGGATGTTTTCATTAATCAAGAACGAAAGTTAGGGGATCGAAGATGATTAGATACCATCGTAGTCTTAACCATAAACTATGCCGACTAGGGATTGGTGAACGTATTAAGACGTCATCAGTACCTCGTGAGAAATCAAAGTCTTTGGGTTCTGGGGGGAGTATGGTCGCAAGGCTGAAACTTAAAGGAATTGACGGAAGGGCACCACCAGGAGTGGAGCCTGCGGCTTAATTTGACTCAACACGGGAAAACTTACCAGGTCCAGACATAAGTAGGATTGACAGATTGAGAGCTCTTTCATGATTGTATGGGTGGTGGTGCATGGCCGTTCTTAGTTGGTGGAGTGATTTGTCTGGTTAATTCCGTTAACGAACGAGACCTCAGCCTACTAAATAGACCGAGCATTGTTACAATGCGACGGACTTCTTAGAGGGACTTTCTGGTTCTACCGGAAGGAAGTTTGAGGCAATAACAGGTCTGTGATGCCCTTAGATGTTCTGGGCCGCACGCGCGCTACAATGGCAGACTCAGCGAGTTACCTCTGTCGAAAGGCACAGGGAATCTTTACAGTATCTGCCGTGATGGGGATAGACCCTTGTAATTTTTGGTCTTCAACGAGGAATTCCTAGTAAACGCAAGTCATTAACTTGCATTGATTACGTCCCTGCCCTTTGTACACACCGCCCGTCGCACCTACCGATTGAATGGTCCGGTGAAGTCCTCGGACCCAGTTTAACCTCGAGTTGGACAGGGAAAGTCGACTAAATCTTACCATTTAGAGGAAGGTGAAGTCGTAACAAGGTTTCC",1990
"3","asv_003","Eukaryota","Stramenopiles","Sagenista","Labyrinthulomycetes","Labyrinthulida","Labyrinthulaceae","Labyrinthula","Labyrinthula_sp.",100,100,100,100,100,100,100,100,219,221,533,140,"AGTCATACGCTTGTCTCAAAGATTAAGCCATGCATGTGTAAGTTCAAGCATTTGTAACGTGAAACTGCGAATGGCTCATTACAACAGTTATAGTTTACTTGATAAACCTTCTACAGGGATAACCGTAGTAATTCTAGAGCTAATACTTGCACCTAGCATTTATTGGATTTTACCAGTCCGGCTTGCCGGTTTCGGGTGAGTCACAACAAACAAGCATATCGCCAGTCGATAAATCATTCAAGTTTCTGCCCTATCAGCTGTAGATGGTAGAGTATTGGCCTACCATGGCATTCACGGGTAACGGGGAATTAGGGTTCTATTCCGGAGAGGGAGCCTGAGAGACGGCTACCACATCCAAGGAAGGCAGCAGGCGCGCAAATTACCCAATCCTGACACGGGGAGGTAGTGACAAGGAATAACAATACGGAACCTCATGGTTTTGTAATTGGAATGAGAACAATCTAAAAACATTAGCGAGGATCGATTGGAGGGCAAGTCTGGTGCCAGCAGCCGCGGTAATTCCAGCTCCAATAGCGTATATTAAAGTTGTTGCAGTTAAAAAGCTCGTAGTTGAAGTTCGGGAGAATGGAACCGGACCACGGGACCGCCTCCCAAATTCGCAAACACGACTCCACGTATTAATTTGCGTGTTGCTCGGGTTGCGTCGTTTACTGTGAACAAATTAGGGTGTTTAAAGCAGTCTTACGTTTGAATACACTAGCATGGAATAATAAGATACGACCTTGGTCGAGTTTTATTGGTGACCACCAGGGTAATGATTGATAGGAACTGTTGTGGGTATTCGTATGAGCATGTCAGAGGTGAAATTCTTGGATTTTGATCAGACGAACTACTGCGAAAGCATTTACCAGGGATGTTTTCATTAATCAAGAACGAAAGTTAGGGGATCGAAGATGATTAGATACCATCGTAGTCTTAACCATAAACTATGCCGACTAGGGATTGGTGAACGTATTAAGACGTCATCAGTACCTCGTGAGAAATCAAAGTCTTTGGGTTCTGGGGGGAGTATGGTCGCAAGGCTGAAACTTAAAGGAATTGACGGAAGGGCACCACCAGGAGTGGAGCCTGCGGCTTAATTTGACTCAACACGGGAAAACTTACCAGGTCCAGACATAAGTAGGATTGACAGATTGAGAGCTCTTTCATGATTGTATGGGTGGTGGTGCATGGCCGTTCTTAGTTGGTGGAGTGATTTGTCTGGTTAATTCCGTTAACGAACGAGACCTCAGCCTACTAAATAGACCGAGCATTGTTACAATGCGACGGACTTCTTAGAGGGACTTTCTGGTTCTACCGGAAGGAAGTTTGAGGCAATAACAGGTCTGTGATGCCCTCAGATGTTCTGGGCCGCACGCGCGCTACAATGGCAGACTCAGCGAGTTACCTCTGTCGAAAGGCACAGGGAATCTTTACAGTATCTGCCGTGATGGGGATAGACCCTTGTAATTTTTGGTCTTCAACGAGGAATTCCTAGTAAACGCAAGTCATTAACTTGCATTGATTACGTCCCTGCCCTTTGTACACACCGCCCGTCGCACCTACCGATTGAATGGTCCGGTGAAGTCCTCGGACCCAGTTTAACCTCGAGTTGGACAGGGAAAGTCGACTAAATCTTACCATTTAGAGGAAGGTGAAGTCGTAACAAGGTTTCC",1113
"4","asv_005","Eukaryota","Stramenopiles","Sagenista","Labyrinthulomycetes","Labyrinthulida","Labyrinthulaceae","Labyrinthula","Labyrinthula_sp.",100,100,100,100,100,100,100,100,107,123,283,116,"AGTCATACGCTTGTCTCAAAGATTAAGCCATGCATGTGTAAGTTCAAGCATTTGTAACGTGAAACTGCGAATGGCTCATTACAACAGTTATAGTTTACTTGATAAACCTTCTACAGGGATAACCGTAGTAATTCTAGAGCTAATACTTGCACCTAGCATTTATTGGATTTTACCAGTCCGGCTTGCCGGTTTCGGGTGAGTCACAACAAACAAGCATATCGCCAGTCGATAAATCATTCAAGTTTCTGCCCTATCAGCTGTAGATGGTAGAGTATTGGCCTACCATGGCATTCACGGGTAACGGGGAATTAGGGTTCTATTCCGGAGAGGGAGCCTGAGAGACGGCTACCACATCCAAGGAAGGCAGCAGGCGCGCAAATTACCCAATCCTGACACGGGGAGGTAGTGACAAGGAATAACAATACGGAACCTCATGGTTTTGTAATTGGAATGAGAACAATCTAAAAACATTAGCGAGGATCGATTGGAGGGCAAGTCTGGTGCCAGCAGCCGCGGTAATTCCAGCTCCAATAGCGTATATTAAAGTTGTTGCAGTTAAAAAGCTCGTAGTTGAAGTTCGGGAGAATGGAACCGGACCACGGGACCGCCTCCCAAATTCGCAAACACGACTCCACGTATTAATTTGCGTGTTGCTCGGGTTGCGTCGTTTACTGTGAACAAATTAGGGTGTTTAAAGCAGTCTTACGTTTGAATACACTAGCATGGAATAATAAGATACGACCTTGGTCGAGTTTTATTGGTGACCACCAGGGTAATGATTGATAGGAACTGTTGTGGGTATTCGTATGAGCATGTCAGAGGTGAAATTCTTGGATTTTGATCAGACGAACTACTGCGAAAGCATTTACCAGGGATGTTTTCATTAATCAAGAACGAAAGTTAGGGGATCGAAGATGATTAGATACCATCGTAGTCTTAACCATAAACTATGCCGACTAGGGATTGGTGAACGTATTAAGACGTCATCAGTACCTCGTGAGAAATCAAAGTCTTTGGGTTCTGGGGGGAGTATGGTCGCAAGGCTGAAACTTAAAGGAATTGACGGAAGGGCACCACCAGGAGTGGAGCCTGCGGCTTAATTTGACTCAACACGGGAAAACTTACCAGGTCCAGACATAAGTAGGATTGACAGATTGAGAGCTCTTTCATGATTGTATGGGTGGTGGTGCATGGCCGTTCTTAGTTGGTGGAGTGATTTGTCTGGTTAATTCCGTTAACGAACGAGACCTCAGCCTACTAAATAGACCGAGCATTGTTACAATGCGACGGACTTCTTAGAGGGACTTTCTGGTTCTACCGGAAGGAAGTTTGAGGCAATAACAGGTCTGTGATGCCCTTAGATGTTCTGGGCCGCACGCGCGCTACAATGGCAGACTCAGCGAGTTACCTCTGTCGAAAGGCACAGGGAATCTTTACAGTATCTGCCGTGATGGGGATAGACCCTTGTAATTTTTGGTCTTCAACGAGGAATTCCTAGTAAACGCAAGTCATTAACTTGCATTGATTACGTCCCTGCCCTTTGTACACACCGCCCGTCGCACCTACCGATTGAATGGTCCGGTGAAGTCCTCGGACCCAGTTTAACCTTGAGTTGGACAGGGAAAGTCGACTAAATCTTACCATTTAGAGGAAGGTGAAGTCGTAACAAGGTTTCC",629
"5","asv_007","Eukaryota","Stramenopiles","Sagenista","Labyrinthulomycetes","Labyrinthulida","Labyrinthulaceae","Labyrinthula","Labyrinthula_sp.",100,100,100,100,100,100,100,100,79,99,250,72,"AGTCATACGCTTGTCTCAAAGATTAAGCCATGCATGTGTAAGTTCAAGCATTTGTAACGTGAAACTGCGAATGGCTCATTACAACAGTTATAGTTTACTTGATAAACCTTCTACAGGGATAACCGTAGTAATTCTAGAGCTAATACTTGCACCTAGCATTTATTGGATTTTACCAGTCCGGCTTGCCGGTTTCGGGTGAGTCACAACAAACAAGCATATCGCCAGTCGATAAATCATTCAAGTTTCTGCCCTATCAGCTGTAGATGGTAGAGTATTGGCCTACCATGGCATTCACGGGTAACGGGGAATTAGGGTTCTATTCCGGAGAGGGAGCCTGAGAGACGGCTACCACATCCAAGGAAGGCAGCAGGCGCGCAAATTACCCAATCCTGACACGGGGAGGTAGTGACAAGGAATAACAATACGGAACCTCATGGTTTTGTAATTGGAATGAGAACAATCTAAAAACATTAGCGAGGATCGATTGGAGGGCAAGTCTGGTGCCAGCAGCCGCGGTAATTCCAGCTCCAATAGCGTATATTAAAGTTGTTGCAGTTAAAAAGCTCGTAGTTGAAGTTCGGGAGAATGGAACCGGACCACGGGACCGCCTCCCAAATTCGCAAACACGACTCCACGTATTAATTTGCGTGTTGCTCGGGTTGCGTCGTTTACTGTGAACAAATTAGGGTGTTTAAAGCAGTCTTACGTTTGAATACACTAGCATGGAATAATAAGATACGACCTTGGTCGAGTTTTATTGGTGACCACCAGGGTAATGATTGATAGGAACTGTTGTGGGTATTCGTATGAGCATGTCAGAGGTGAAATTCTTGGATTTTGATCAGACGAACTACTGCGAAAGCATTTACCAGGGATGTTTTCATTAATCAAGAACGAAAGTTAGGGGATCGAAGATGATTAGATACCATCGTAGTCTTAACCATAAACTATGCCGACTAGGGATTGGTGAACGTATTAAGACGTCATCAGTACCTCGTGAGAAATCAAAGTCTTTGGGTTCTGGGGGGAGTATGGTCGCAAGGCTGAAACTTAAAGGAATTGACGGAAGGGCACCACCAGGAGTGGAGCCTGCGGCTTAATTTGACTCAACACGGGAAAACTTACCAGGTCCAGACATAAGTAGGATTGACAGATTGAGAGCTCTTTCATGATTGTATGGGTGGTGGTGCATGGCCGTTCTTAGTTGGTGGAGTGATTTGTCTGGTTAATTCCGTTAACGAACGAGACCTCAGCCTACTAAATAGACCGAGCATTGTTACAATGCGACGGACTTCTTAGAGGGACTTTCTGGTTCTACCGGAAGGAAGTTTGAGGCAATAACAGGTCTGTGATGCCCTTAGATGTTCTGGGCCGCACGCGCGCTACAATGGCAGACTCAGCGAGTTACCTCTGTCGAAAGGCACAGGGAATCTTTACAGTATCTGCCGTGATGGGGATAGACCCTTGTAATTTTTGGTCTTCAACGAGGAATTCCTAGTAAACACAAGTCATTAACTTGCATTGATTACGTCCCTGCCCTTTGTACACACCGCCCGTCGCACCTACCGATTGAATGGTCCGGTGAAGTCCTCGGACCCAGTTTAACCTCGAGTTGGACAGGGAAAGTCGACTAAATCTTACCATTTAGAGGAAGGTGAAGTCGTAACAAGGTTTCC",500
"6","asv_009","Eukaryota","Stramenopiles","Sagenista","Labyrinthulomycetes","Labyrinthulida","Labyrinthulaceae","Labyrinthula","Labyrinthula_sp.",100,100,100,100,100,100,100,100,67,79,251,64,"AGTCATACGCTTGTCTCAAAGATTAAGCCATGCATGTGTAAGTTCAAGCATTTGTAACGTGAAACTGCGAATGGCTCATTACAACAGTTATAGTTTACTTGATAAACCTTCTACAGGGATAACCGTAGTAATTCTAGAGCTAATACTTGCACCTAGCATTTATTGGATTTTACCAGTCCGGCTTGCCGGTTTCGGGTGAGTCACAACAAACAAGCATATCGCCAGTCGATAAATCATTCAAGTTTCTGCCCTATCAGCTGTAGATGGTAGAGTATTGGCCTACCATGGCATTCACGGGTAACGGGGAATTAGGGTTCTATTCCGGAGAGGGAGCCTGAGAGACGGCTACCACATCCAAGGAAGGCAGCAGGCGCGCAAATTACCCAATCCTGACACGGGGAGGTAGTGACAAGGAATAACAATACGGAACCTCATGGTTTTGTAATTGGAATGAGAACAATCTAAAAACATTAGCGAGGATCGATTGGAGGGCAAGTCTGGTGCCAGCAGCCGCGGTAATTCCAGCTCCAATAGCGTATATTAAAGTTGTTGCAGTTAAAAAGCTCGTAGTTGAAGTTCGGGAGAATGGAACCGGACCACGGGACCGCCTCCCAAATTCGCAAACACGCCTCCACGTATTAATTTGCGTGTTGCTCGGGTTGCGTCGTTTACTGTGAACAAATTAGGGTGTTTAAAGCAGTCTTACGTTTGAATACACTAGCATGGAATAATAAGATACGACCTTGGTCGAGTTTTATTGGTGACCACCAGGGTAATGATTGATAGGAACTGTTGTGGGTATTCGTATGAGCATGTCAGAGGTGAAATTCTTGGATTTTGATCAGACGAACTACTGCGAAAGCATTTACCAGGGATGTTTTCATTAATCAAGAACGAAAGTTAGGGGATCGAAGATGATTAGATACCATCGTAGTCTTAACCATAAACTATGCCGACTAGGGATTGGTGAACGTATTAAGACGTCATCAGTACCTCGTGAGAAATCAAAGTCTTTGGGTTCTGGGGGGAGTATGGTCGCAAGGCTGAAACTTAAAGGAATTGACGGAAGGGCACCACCAGGAGTGGAGCCTGCGGCTTAATTTGACTCAACACGGGAAAACTTACCAGGTCCAGACATAAGTAGGATTGACAGATTGAGAGCTCTTTCATGATTGTATGGGTGGTGGTGCATGGCCGTTCTTAGTTGGTGGAGTGATTTGTCTGGTTAATTCCGTTAACGAACGAGACCTCAGCCTACTAAATAGACCGAGCATTGTTACAATGCGACGGACTTCTTAGAGGGACTTTCTGGTTCTACCGGAAGGAAGTTTGAGGCAATAACAGGTCTGTGATGCCCTTAGATGTTCTGGGCCGCACGCGCGCTACAATGGCAGACTCAGCGAGTTACCTCTGTCGAAAGGCACAGGGAATCTTTACAGTATCTGCCGTGATGGGGATAGACCCTTGTAATTTTTGGTCTTCAACGAGGAATTCCTAGTAAACGCAAGTCATTAACTTGCATTGATTACGTCCCTGCCCTTTGTACACACCGCCCGTCGCACCTACCGATTGAATGGTCCGGTGAAGTCCTCGGACCCAGTTTAACCTCGAGTTGGACAGGGAAAGTCGACTAAATCTTACCATTTAGAGGAAGGTGAAGTCGTAACAAGGTTTCC",461
"7","asv_010","Eukaryota","Stramenopiles","Sagenista","Labyrinthulomycetes","Labyrinthulida","Labyrinthulaceae","Labyrinthula","Labyrinthula_sp.",100,100,100,100,100,100,100,100,66,62,169,57,"AGTCATACGCTTGTCTCAAAGATTAAGCCATGCATGTGTAAGTTCAAGCATTTGTAACGTGAAACTGCGAATGGCTCATTACAACAGTTATAGTTTACTTGATAAACCTTCTACAGGGATAACCGTAGTAATTCTAGAGCTAATACTTGCACCTAGCATTTATTGGATTTTACCAGTCCGGCTTGCCGGTTTCGGGTGAGTCACAACAAACAAGCATATCGCCAGCCGATAAATCATTCAAGTTTCTGCCCTATCAGCTGTAGATGGTAGAGTATTGGCCTACCATGGCATTCACGGGTAACGGGGAATTAGGGTTCTATTCCGGAGAGGGAGCCTGAGAGACGGCTACCACATCCAAGGAAGGCAGCAGGCGCGCAAATTACCCAATCCTGACACGGGGAGGTAGTGACAAGGAATAACAATACGGAACCTCATGGTTTTGTAATTGGAATGAGAACAATCTAAAAACATTAGCGAGGATCGATTGGAGGGCAAGTCTGGTGCCAGCAGCCGCGGTAATTCCAGCTCCAATAGCGTATATTAAAGTTGTTGCAGTTAAAAAGCTCGTAGTTGAAGTTCGGGAGAATGGAACCGGACCACGGGACCGCCTCCCAAATTCGCAAACACGACTCCACGTATTAATTTGCGTGTTGCTCGGGTTGCGTCGTTTACTGTGAACAAATTAGGGTGTTTAAAGCAGTCTTACGTTTGAATACACTAGCATGGAATAATAAGATACGACCTTGGTCGAGTTTTATTGGTGACCACCAGGGTAATGATTGATAGGAACTGTTGTGGGTATTCGTATGAGCATGTCAGAGGTGAAATTCTTGGATTTTGATCAGACGAACTACTGCGAAAGCATTTACCAGGGATGTTTTCATTAATCAAGAACGAAAGTTAGGGGATCGAAGATGATTAGATACCATCGTAGTCTTAACCATAAACTATGCCGACTAGGGATTGGTGAACGTATTAAGACGTCATCAGTACCTCGTGAGAAATCAAAGTCTTTGGGTTCTGGGGGGAGTATGGTCGCAAGGCTGAAACTTAAAGGAATTGACGGAAGGGCACCACCAGGAGTGGAGCCTGCGGCTTAATTTGACTCAACACGGGAAAACTTACCAGGTCCAGACATAAGTAGGATTGACAGATTGAGAGCTCTTTCATGATTGTATGGGTGGTGGTGCATGGCCGTTCTTAGTTGGTGGAGTGATTTGTCTGGTTAATTCCGTTAACGAACGAGACCTCAGCCTACTAAATAGACCGAGCATTGTTACAATGCGACGGACTTCTTAGAGGGACTTTCTGGTTCTACCGGAAGGAAGTTTGAGGCAATAACAGGTCTGTGATGCCCTTAGATGTTCTGGGCCGCACGCGCGCTACAATGGCAGACTCAGCGAGTTACCTCTGTCGAAAGGCACAGGGAATCTTTACAGTATCTGCCGTGATGGGGATAGACCCTTGTAATTTTTGGTCTTCAACGAGGAATTCCTAGTAAACGCAAGTCATTAACTTGCATTGATTACGTCCCTGCCCTTTGTACACACCGCCCGTCGCACCTACCGATTGAATGGTCCGGTGAAGTCCTCGGACCCAGTTTAACCTCGAGTTGGACAGGGAAAGTCGACTAAATCTTACCATTTAGAGGAAGGTGAAGTCGTAACAAGGTTTCC",354
"8","asv_012","Eukaryota","Stramenopiles","Sagenista","Labyrinthulomycetes","Labyrinthulida","Labyrinthulaceae","Labyrinthula","Labyrinthula_sp.",100,100,100,100,100,100,100,100,54,64,135,42,"AGTCATACGCTTGTCTCAAAGATTAAGCCATGCATGTGTAAGTTCAAGCATTTGTAACGTGAAACTGCGAATGGCTCATTACAACAGTTATAGTTTACTTGATAAACCTTCTACAGGGATAACCGTAGTAATTCTAGAGCTAATACTTGCACCTAGCATTTATTGGATTTTACCAGTCCGGCTTGCCGGTTTCGGGTGAGCCACAACAAACAAGCATATCGCCAGTCGATAAATCATTCAAGTTTCTGCCCTATCAGCTGTAGATGGTAGAGTATTGGCCTACCATGGCATTCACGGGTAACGGGGAATTAGGGTTCTATTCCGGAGAGGGAGCCTGAGAGACGGCTACCACATCCAAGGAAGGCAGCAGGCGCGCAAATTACCCAATCCTGACACGGGGAGGTAGTGACAAGGAATAACAATACGGAACCTCATGGTTTTGTAATTGGAATGAGAACAATCTAAAAACATTAGCGAGGATCGATTGGAGGGCAAGTCTGGTGCCAGCAGCCGCGGTAATTCCAGCTCCAATAGCGTATATTAAAGTTGTTGCAGTTAAAAAGCTCGTAGTTGAAGTTCGGGAGAATGGAACCGGACCACGGGACCGCCTCCCAAATTCGCAAACACGACTCCACGTATTAATTTGCGTGTTGCTCGGGTTGCGTCGTTTACTGTGAACAAATTAGGGTGTTTAAAGCAGTCTTACGTTTGAATACACTAGCATGGAATAATAAGATACGACCTTGGTCGAGTTTTATTGGTGACCACCAGGGTAATGATTGATAGGAACTGTTGTGGGTATTCGTATGAGCATGTCAGAGGTGAAATTCTTGGATTTTGATCAGACGAACTACTGCGAAAGCATTTACCAGGGATGTTTTCATTAATCAAGAACGAAAGTTAGGGGATCGAAGATGATTAGATACCATCGTAGTCTTAACCATAAACTATGCCGACTAGGGATTGGTGAACGTATTAAGACGTCATCAGTACCTCGTGAGAAATCAAAGTCTTTGGGTTCTGGGGGGAGTATGGTCGCAAGGCTGAAACTTAAAGGAATTGACGGAAGGGCACCACCAGGAGTGGAGCCTGCGGCTTAATTTGACTCAACACGGGAAAACTTACCAGGTCCAGACATAAGTAGGATTGACAGATTGAGAGCTCTTTCATGATTGTATGGGTGGTGGTGCATGGCCGTTCTTAGTTGGTGGAGTGATTTGTCTGGTTAATTCCGTTAACGAACGAGACCTCAGCCTACTAAATAGACCGAGCATTGTTACAATGCGACGGACTTCTTAGAGGGACTTTCTGGTTCTACCGGAAGGAAGTTTGAGGCAATAACAGGTCTGTGATGCCCTTAGATGTTCTGGGCCGCACGCGCGCTACAATGGCAGACTCAGCGAGTTACCTCTGTCGAAAGGCACAGGGAATCTTTACAGTATCTGCCGTGATGGGGATAGACCCTTGTAATTTTTGGTCTTCAACGAGGAATTCCTAGTAAACGCAAGTCATTAACTTGCATTGATTACGTCCCTGCCCTTTGTACACACCGCCCGTCGCACCTACCGATTGAATGGTCCGGTGAAGTCCTCGGACCCAGTTTAACCTCGAGTTGGACAGGGAAAGTCGACTAAATCTTACCATTTAGAGGAAGGTGAAGTCGTAACAAGGTTTCC",295
"9","asv_013","Eukaryota","Stramenopiles","Sagenista","Labyrinthulomycetes","Labyrinthulida","Labyrinthulaceae","Labyrinthula","Labyrinthula_sp.",100,100,100,100,100,100,100,100,39,53,149,52,"AGTCATACGCTTGTCTCAAAGATTAAGCCATGCATGTGTAAGTTCAAGCATTTGTAACGTGAAACTGCGAATGGCTCATTACAACAGTTATAGTTTACTTGATAAACCTTCTACAGGGATAACCGTAGTAATTCTAGAGCTAATACTTGCACCTAGCATTTATTGGATTTTACCAGTCCGGCTTGCCGGTTTCGGGTGAGTCACAACAAACAAGCATATCGCCAGTCGATAAATCATTCAAGTTTCTGCCCTATCAGCTGTAGATGGTAGAGTATTGGCCTACCATGGCATTCACGGGTAACGGGGAATTAGGGTTCTATTCCGGAGAGGGAGCCTGAGAGACGGCTACCACATCCAAGGAAGGCAGCAGGCGCGCAAATTACCCAATCCTGACACGGGGAGGTAGTGACAAGGAATAACAATACGGAACCTCATGGTTTTGTAATTGGAATGAGAACAATCTAAAAACATTAGCGAGGATCGATTGGAGGGCAAGTCTGGTGCCAGCAGCCGCGGTAATTCCAGCTCCAATAGCGTATATTAAAGTTGTTGCAGTTAAAAAGCTCGTAGTTGAAGTTCGGGAGAATGGAACCGGACCACGGGACCGCCTCCCAAATTCGCAAACACGACTCCACGTATTAATTTGCGTGTTGCTCGGGTTGCGTCGTTTACTGTGAACAAATTAGGGTGTTTAAAGCAGTCTTACGTTTGAATACACTAGCATGGAATAATAAGATACGACCTTGGTCGAGTTTTATTGGTGACCACCAGGGTAATGATTGATAGGAACTGTTGTGGGTATTCGTATGAGCATGTCAGAGGTGAAATTCTTGGATTTTGATCAGACGAACTACTGCGAAAGCATTTACCAGGGATGTTTTCATTAATCAAGAACGAAAGTTAGGGGATCGAAGATGATTAGATACCATCGTAGTCTTAACCATAAACTATGCCGACTAGGGATTGGTGAACGTATTAAGACGTCATCAGTACCTCGTGAGAAATCAAAGTCTTTGGGTTCTGGGGGGAGTATGGTCGCAAGGCTGAAACTTAAAGGAATTGACGGAAGGGCACCACCAGGAGTGGAGCCTGCGGCTTAATTTGACTCAACACGGGAAAACTTACCAGGTCCAGACATAAGTAGGATTGACAGATTGAGAGCTCTTTCATGATTGTATGGGTGGTGGTGCATGGCCGTTCCTAGTTGGTGGAGTGATTTGTCTGGTTAATTCCGTTAACGAACGAGACCTCAGCCTACTAAATAGACCGAGCATTGTTACAATGCGACGGACTTCTTAGAGGGACTTTCTGGTTCTACCGGAAGGAAGTTTGAGGCAATAACAGGTCTGTGATGCCCTTAGATGTTCTGGGCCGCACGCGCGCTACAATGGCAGACTCAGCGAGTTACCTCTGTCGAAAGGCACAGGGAATCTTTACAGTATCTGCCGTGATGGGGATAGACCCTTGTAATTTTTGGTCTTCAACGAGGAATTCCTAGTAAACGCAAGTCATTAACTTGCATTGATTACGTCCCTGCCCTTTGTACACACCGCCCGTCGCACCTACCGATTGAATGGTCCGGTGAAGTCCTCGGACCCAGTTTAACCTCGAGTTGGACAGGGAAAGTCGACTAAATCTTACCATTTAGAGGAAGGTGAAGTCGTAACAAGGTTTCC",293
"10","asv_014","Eukaryota","Stramenopiles","Sagenista","Labyrinthulomycetes","Labyrinthulida","Labyrinthulaceae","Labyrinthula","Labyrinthula_sp.",100,100,100,100,100,100,100,100,41,56,152,44,"AGTCATACGCTTGTCTCAAAGATTAAGCCATGCATGTGTAAGTTCAAGCATTTGTAACGTGAAACTGCGAATGGCTCATTACAACAGTTATAGTTTACTTGATAAACCTTCTACAGGGATAACCGTAGTAATTCTAGAGCTAATACTTGCACCTAGCATTTATTGGATTTTACCAGTCCGGCTTGCCGGTTTCGGGTGAGTCACAACAAACAAGCATATCGCCAGTCGATAAATCATTCAAGTTTCTGCCCTATCAGCTGTAGATGGTAGAGTATTGGCCTACCATGGCATTCACGGGTAACGGGGAATTAGGGTTCTATTCCGGAGAGGGAGCCTGAGAGACGGCTACCACATCCAAGGAAGGCAGCAGGCGCGCAAATTACCCAATCCTGACACGGGGAGGTAGTGACAAGGAATAACAATACGGAACCTCATGGTTTTGTAATTGGAATGAGAACAATCTAAAAACATTAGCGAGGATCGATTGGAGGGCAAGTCTGGTGCCAGCAGCCGCGGTAATTCCAGCTCCAATAGCGTATATTAAAGTTGTTGCAGTTAAAAAGCTCGTAGTTGAAGTTCGGGAGAATGGAACCGGACCACGGGACCGCCTCCCAAATTCGCAAACACGACTCCACGTATTAATTTGCGTGTTGCTCGGGTTGCGTCGTTTACTGTGAACAAATTAGGGTGTTTAAAGCAGTCTTACGTTTGAATACACTAGCATGGAATAATAAGATACGACCTTGGTCGAGTTTTATTGGTGACCACCAGGGTAATGATTGATAGGAACTGTTGTGGGTATTCGTATGAGCATGTCAGAGGTGAAATTCTTGGATTTTGATCAGACGAACTACTGCGAAAGCATTTACCAGGGATGTTTTCATTAATCAAGAACGAAAGTTAGGGGATCGAAGATGATTAGATACCATCGTAGTCTTAACCATAAACTATGCCGACTAGGGATTGGTGAACGTATTAAGACGTCATCAGTACCTCGTGAGAAATCAAAGTCTTTGGGTTCTGGGGGGAGTATGGTCGCAAGGCTGAAACTTAAAGGAATTGACGGCAGGGCACCACCAGGAGTGGAGCCTGCGGCTTAATTTGACTCAACACGGGAAAACTTACCAGGTCCAGACATAAGTAGGATTGACAGATTGAGAGCTCTTTCATGATTGTATGGGTGGTGGTGCATGGCCGTTCTTAGTTGGTGGAGTGATTTGTCTGGTTAATTCCGTTAACGAACGAGACCTCAGCCTACTAAATAGACCGAGCATTGTTACAATGCGACGGACTTCTTAGAGGGACTTTCTGGTTCTACCGGAAGGAAGTTTGAGGCAATAACAGGTCTGTGATGCCCTTAGATGTTCTGGGCCGCACGCGCGCTACAATGGCAGACTCAGCGAGTTACCTCTGTCGAAAGGCACAGGGAATCTTTACAGTATCTGCCGTGATGGGGATAGACCCTTGTAATTTTTGGTCTTCAACGAGGAATTCCTAGTAAACGCAAGTCATTAACTTGCATTGATTACGTCCCTGCCCTTTGTACACACCGCCCGTCGCACCTACCGATTGAATGGTCCGGTGAAGTCCTCGGACCCAGTTTAACCTCGAGTTGGACAGGGAAAGTCGACTAAATCTTACCATTTAGAGGAAGGTGAAGTCGTAACAAGGTTTCC",293
"11","asv_015","Eukaryota","Stramenopiles","Sagenista","Labyrinthulomycetes","Labyrinthulida","Labyrinthulaceae","Labyrinthula","Labyrinthula_sp.",100,100,100,100,100,100,100,100,38,55,143,39,"AGTCATACGCTTGTCTCAAAGATTAAGCCATGCATGTGTAAGTTCAAGCATTTGTAACGTGAAACTGCGAATGGCTCATTACAACAGTTATAGTTTACTTGATAAACCTTCTACAGGGATAACCGTAGTAATTCTAGAGCTAATACTTGCACCTAGCATTTATTGGATTTTACCAGTCCGGCTTGCCGGTTTCGGGTGAGTCACAACAAACAAGCATATCGCCAGTCGATAAATCATTCAAGTTTCTGCCCTATCAGCTGTAGATGGTAGAGTATTGGCCTACCATGGCATTCACGGGTAACGGGGAATTAGGGTTCTATTCCGGAGAGGGAGCCTGAGAGACGGCTACCACATCCAAGGAAGGCAGCAGGCGCGCAAATTACCCAATCCTGACACGGGGAGGTAGTGACAAGGAATAACAATACGGAACCTCATGGTTTTGTAATTGGAATGAGAACAATCTAAAAACATTAGCGAGGATCGATTGGAGGGCAAGTCTGGTGCCAGCAGCCGCGGTAATTCCAGCTCCAATAGCGTATATTAAAGTTGTTGCAGTTAAAAAGCTCGTAGTTGAAGTTCGGGAGAATGGAACCGGACCACGGGACCGCCTCCCAAATTCGCAAACACGACTCCACGTATTAATTTGCGTGTTGCTCGGGTTGCGTCGTTTACTGTGAACAAATTAGGGTGTTTAAAGCAGTCTTACGTTTGAATACACTAGCATGGAATAATAAGATACGACCTTGGTCGAGTTTTATTGGTGACCACCAGGGTAATGATTGATAGGAACTGTTGTGGGTATTCGTATGAGCATGTCAGAGGTGAAATTCTTGGATTTTGATCAGACGAACTACTGCGAAAGCATTTACCAGGGATGTTTTCATTAATCAAGAACGAAAGTTAGGGGATCGAAGATGATTAGATACCATCGTAGTCTTAACCATAAACTATGCCGACTAGGGATTGGTGAACGTATTAAGACGTCATCAGTACCTCGTGAGAAATCAAAGTCTTTGGGTTCTGGGGGGAGTATGGTCGCAAGGCTGAAACTTAAAGGAATTGACGGAAGGGCACCACCAGGAGTGGAGCCTGCGGCTTAATTTGACTCAACACGGGAAAACTTACCAGGTCCAGACATAAGTAGGATTGACAGATTGAGAGCTCTTTCATGATTGTATGGGTGGTGGTGCATGGCCGTTCTTAGTTGGTGGAGTGATTTGTCTGGTTAATTCCGTTAACGAACGAGACCTCAGCCTACTAAATAGACCGAGCATTGTTACAATGCGACGGACTTCTTAGAGGGACTTTCTGGTTCTACCGGAAGGAAGTTTGAGGCAATAACAGGTCTGTGATGCCCTTAGATGTTCTGGGCCGCACGCGCGCTACAATGGCAGACTCAGCGAGTTACCTCTGTCGAAAGGCACAGGGAATCTTTACAGTATCTGCCGTGATGGGGATAGACCCTTGTAATTTTTGGTCTTCAACGAGGAATTCCTAGTAAACGCAAGTCATTAACTTGCATTTATTACGTCCCTGCCCTTTGTACACACCGCCCGTCGCACCTACCGATTGAATGGTCCGGTGAAGTCCTCGGACCCAGTTTAACCTCGAGTTGGACAGGGAAAGTCGACTAAATCTTACCATTTAGAGGAAGGTGAAGTCGTAACAAGGTTTCC",275
"12","asv_016","Eukaryota","Stramenopiles","Sagenista","Labyrinthulomycetes","Labyrinthulida","Labyrinthulaceae","Labyrinthula","Labyrinthula_sp.",100,100,100,100,100,100,100,100,31,57,120,66,"AGTCATACGCTTGTCTCAAAGATTAAGCCATGCATGTGTAAGTTCAAGCATTTGTAACGTGAAACTGCGAATGGCTCATTACAACAGTTATAGTTTACTTGATAAACCTTCTACAGGGATAACCGTAGTAATTCTAGAGCTAATACTTGCACCTAGCATTTATTGGATTTTACCAGTCCGGCTTGCCGGTTTCGGGTGAGTCACAACAAACAAGCATATCGCCAGTCGATAAATCATTCAAGTTTCTGCCCTATCAGCTGTAGATGGTAGAGTATTGGCCTACCATGGCATTCACGGGTAACGGGGAATTAGGGTTCTATTCCGGAGAGGGAGCCTGAGAGACGGCTACCACATCCAAGGAAGGCAGCAGGCGCGCAAGTTACCCAATCCTGACACGGGGAGGTAGTGACAAGGAATAACAATACGGAACCTCATGGTTTTGTAATTGGAATGAGAACAATCTAAAAACATTAGCGAGGATCGATTGGAGGGCAAGTCTGGTGCCAGCAGCCGCGGTAATTCCAGCTCCAATAGCGTATATTAAAGTTGTTGCAGTTAAAAAGCTCGTAGTTGAAGTTCGGGAGAATGGAACCGGACCACGGGACCGCCTCCCAAATTCGCAAACACGACTCCACGTATTAATTTGCGTGTTGCTCGGGTTGCGTCGTTTACTGTGAACAAATTAGGGTGTTTAAAGCAGTCTTACGTTTGAATACACTAGCATGGAATAATAAGATACGACCTTGGTCGAGTTTTAGAGGTGAAATTCTTGGATTTTGATCAGACGAACTACTGCGAAAGCATTTACCAGGGATGTTTTCATTAATCAAGAACGAAAGTTAGGGGATCGAAGATGATTAGATACCATCGTAGTCTTAACCATAAACTATGCCGACTAGGGATTGGTGAACGTATTAAGACGTCATCAGTACCTCGTGAGAAATCAAAGTCTTTGGGTTCTGGGGGGAGTATGGTCGCAAGGCTGAAACTTAAAGGAATTGACGGAAGGGCACCACCAGGAGTGGAGCCTGCGGCTTAATTTGACTCAACACGGGAAAACTTACCAGGTCCAGACATAAGTAGGATTGACAGATTGAGAGCTCTTTCATGATTGTATGGGTGGTGGTGCATGGCCGTTCTTAGTTGGTGGAGTGATTTGTCTGGTTAATTCCGTTAACGAACGAGACCTCAGCCTACTAAATAGACCGAGCATTGTTACAATGCGACGGACTTCTTAGAGGGACTTTCTGGTTCTACCGGAAGGAAGTTTGAGGCAATAACAGGTCTGTGATGCCCTTAGATGTTCTGGGCCGCACGCGCGCTACAATGGCAGACTCAGCGAGTTACCTCTGTCGAAAGGCACAGGGAATCTTTACAGTATCTGCCGTGATGGGGATAGACCCTTGTAATTTTTGGTCTTCAACGAGGAATTCCTAGTAAACGCAAGTCATTAACTTGCATTGATTACGTCCCTGCCCTTTGTACACACCGCCCGTCGCACCTACCGATTGAATGGTCCGGTGAAGTCCTCGGACCCAGTTTAACCTCGAGTTGGACAGGGAAAGTCGACTAAATCTTACCATTTAGAGGAAGGTGAAGTCGTAACAAGGTTTCC",274
"13","asv_017","Eukaryota","Stramenopiles","Sagenista","Labyrinthulomycetes","Labyrinthulida","Labyrinthulaceae","Labyrinthula","Labyrinthula_sp.",100,100,100,100,100,100,100,100,46,51,106,43,"AGTCATACGCTTGTCTCAAAGATTAAGCCATGCATGTGTAAGTTCAAGCATTTGTAACGTGAAACTGCGAATGGCTCATTACAACAGTTATAGTTTACTTGATAAACCTTCTACAGGGATAACCGTAGTAATTCTAGAGCTAATACTTGCACCTAGCATTTATTGGATTTTACCAGTCCGGCTTGCCGGTTTCGGGTGAGTCACAACAAACAAGCATATCGCCAGTCGATAAATCATTCAAGTTTCTGCCCTATCAGCTGTAGATGGTAGAGTATTGGCCTACCATGGCATTCACGGGTAACGGGGAATTAGGGTTCTATTCCGGAGAGGGAGCCTGAGAGACGGCTACCACATCCAAGGAAGGCAGCAGGCGCGCAAATTACCCAATCCTGACACGGGGAGGTAGTGACAAGGAATAACAATACGGAACCTCATGGTTTTGTAATTGGAATGAGAACAATCTAAAAACATTAGCGAGGATCGATTGGAGGGCAAGTCTGGTGCCAGCAGCCGCGGTAATTCCAGCTCCAATAGCGTATATTAAAGTTGTTGCAGTTAAAAAGCTCGTAGTTGAAGTTCGGGAGAATGGAACCGGACCACGGGACCGCCTCCCAAATTCGCAAACACGACTCCACGTATTAATTTGCGTGTTGCTCGGGTTGCGTCGTTTACTGTGAACAAATTAGGGTGTTTAAAGCAGTCTTACGTTTGAATACACTAGCATGGAATAATAAGATACGACCTTGGTCGAGTTTTATTGGTGACCACCAGGGTAATGATTGATAGGAACTGTTGTGGGTATTCGTATGAGCATGTCAGAGGTGAAATTCTTGGATTTTGATCAGACGAACTACTGCGAAAGCATTTACCAGGGATGTTTTCATTAATCAAGAACGAAAGTTAGGGGATCGAAGATGATTAGATACCATCGTAGTCTTAACCATAAACTATGCCGACTAGGGATTGGTGAACGTATTAAGACGTCATCAGTACCTCGTGAGAAATCAAAGTCTTTGGGTTCTGGGGGGAGTATGGTCGCAAGGCTGAAACTTAAAGGAATTGACGGAAGGGCACCACCAGGAGTGGAGCCTGCGGCTTAATTTGACTCAACACGGGAAAACTTACCAGGTCCAGACATAAGTAGGATTGACAGATTGAGAGCTCTTTCATGATTGTATGGGTGGTGGTGCATGGCCGTTCTTAGTTGGTGGAGTGATTTGTCTGGTTAATTCCGTTAACGAACGAGACCTCAGCCTACTAAATAGACCGAGCATTGTTACAATGCGACGGACTTCTTAGAGGGACTTTCTGGTTCTACCGGAAGGAAGTTTGAGGCAATAACAGGTCTGTGATGCCCTTAGATGTTCTGGGTCGCACGCGCGCTACAATGGCAGACTCAGCGAGTTACCTCTGTCGAAAGGCACAGGGAATCTTTACAGTATCTGCCGTGATGGGGATAGACCCTTGTAATTTTTGGTCTTCAACGAGGAATTCCTAGTAAACGCAAGTCATTAACTTGCATTGATTACGTCCCTGCCCTTTGTACACACCGCCCGTCGCACCTACCGATTGAATGGTCCGGTGAAGTCCTCGGACCCAGTTTAACCTCGAGTTGGACAGGGAAAGTCGACTAAATCTTACCATTTAGAGGAAGGTGAAGTCGTAACAAGGTTTCC",246
"14","asv_019","Eukaryota","Stramenopiles","Sagenista","Labyrinthulomycetes","Labyrinthulida","Labyrinthulaceae","Labyrinthula","Labyrinthula_sp.",100,100,100,100,100,100,100,100,36,52,93,43,"AGTCATACGCTTGTCTCAAAGATTAAGCCATGCATGTGTAAGTTCAAGCATTTGTAACGTGAAACTGCGAATGGCTCATTACAACAGTTATAGTTTACTTGATAAACCTTCTACAGGGATAACCGTAGTAATTCTAGAGCTAATACTTGCACCTAGCATTTATTGGATTTTACCAGTCCGGCTTGCCGGTTTCGGGTGAGTCACAACAAACAAGCATATCGCCAGTCGATAAATCATTCAAGTTTCTGCCCTATCAGCTGTAGATGGTAGAGTATTGGCCTACCATGGCATTCACGGGTAACGGGGAATTAGGGTTCTATTCCGGAGAGGGAGCCTGAGAGACGGCTACCACATCCAAGGAAGGCAGCAGGCGCGCAAATTACCCAATCCTGACACGGGGAGGTAGTGACAAGGAATAACAATACGGAACCTCATGGTTTTGTAATTGGAATGAGAACAATCTAAAAACATTAGCGAGGATCGATTGGAGGGCAAGTCTGGTGCCAGCAGCCGCGGTAATTCCAGCTCCAATAGCGTATATTAAAGTTGTTGCAGTTAAAAAGCTCGTAGTTGAAGTTCGGGAGAATGGAACCGGACCACGGGACCGCCTCCCAAATTCGCAAACACGACTCCACGTATTAATTTGCGTGTTGCTCGGGTTGCGTCGTTTACTGTGAACAAATTAGGGTGTTTAAAGCAGTCTTACGTTTGAATACACTAGCATGGAATAATAAGATACGACCTTGGTCGAGTTTTATTGGTGACCACCAGGGTAATGATTGATAGGAACTGTTGTGGGTATTCGTATGAGCATGTCAGAGGTGAAATTCTTGGATTTTGATCAGACGAACTACTGCGAAAGCATTTACCAGGGATGTTTTCATTAATCAAGAACGAAAGTTAGGGGATCGAAGATGATTAGATACCATCGTAGTCTTAACCATAAACTATGCCGACTAGGGATTGGTGAACGTATTAAGACGTCATCAGTACCTCGTGAGAAATCAAAGTCTTTGGGTTCTGGGGGGAGTATGGTCGCAAGGCTGAAACTTAAAGGAATTGACGGAAGGGCACCACCAGGAGTGGAGCCTGCGGCTTAATTTGACTCAACACGGGAAAACTTACCAGGTCCAGACATAAGTAGGATTGACAGATTGAGAGCTCTTTCATGATTGTATGGGTGGTGGTGCATGGCCGTTCTTAGTTGGTGGAGTGATTTGTCTGGTTAATTCCGTTAACGAACGAGACCTCAGCCTACTAAATAGACCGAGCATTGTTACAATGCGACGGACTTCTTAGAGGGACTTTCTGGTTCTACCGGAAGGAAGTTTGAGGCAATAACAGGTCTGTGATGCCCTTAGATGTTCTGGGCCGCACGCGCGCTACAATGGCAGACTCAGCGAGTTACCTCTGTCGAAAGGCACAGGGAATCTTTACAGTATCTGCCGTGATGGGGATAGACCCTTGTAATTTTTGGTCTTCAACGAGGAATTCCTAGTAAACGCAAGTCATTAACTTGCATTGATTACGTCCCTGCCCTTTGTACACACCACCCGTCGCACCTACCGATTGAATGGTCCGGTGAAGTCCTCGGACCCAGTTTAACCTCGAGTTGGACAGGGAAAGTCGACTAAATCTTACCATTTAGAGGAAGGTGAAGTCGTAACAAGGTTTCC",224
"15","asv_020","Eukaryota","Stramenopiles","Sagenista","Labyrinthulomycetes","Labyrinthulida","Labyrinthulaceae","Labyrinthula","Labyrinthula_sp.",100,100,100,100,100,100,100,100,47,35,125,15,"AGTCATACGCTTGTCTCAAAGATTAAGCCATGCATGTGTAAGTTCAAGCATTTGTAACGTGAAACTGCGAATGGCTCATTACAACAGTTATAGTTTACTTGATAAACCTTCTACAGGGATAACCGTAGTAATTCTAGAGCTAATACTTGCACCTAGCATTTATTGGATTTTACCAGTCCGGCTTGCCGGTTTCGGGTGAGTCACAACAAACAAGCATATCGCCAGTCGATAAATCATTCAAGTTTCTGCCCTATCAGCTGTAGATGGTAGAGTATTGGCCTACCATGGCATTCACGGGTAACGGGGAATTAGGGTTCTATTCCGGAGAGGGAGCCTGAGAGACGGCTACCACATCCAAGGAAGGCAGCAGGCGCGCAAATTACCCAATCCTGACACGGGGAGGTAGTGACAAGGAATAACAATACGGAACCTCATGGTTTTGTAATTGGAATGAGAACAATCTAAAAACATTAGCGAGGATCGATTGGAGGGCAAGTCTGGTGCCAGCAGCCGCGGTAATTCCGGCTCCAATAGCGTATATTAAATTTGTTGCAGTTAAAAAGCTCGTAGTTGAAGTTCGGGAGAATGGAACCGGACCACGGGACCGCCTCCCAAATTCGCAAACACGACTCCACGTATTAATTTGCGTGTTGCTCGGGTTGCGTCGTTTACTGTGAACAAATTAGGGTGTTTAAAGCAGTCTTACGTTTGAATACACTAGCATGGAATAATAAGATACGACCTTGGTCGAGTTTTATTGGTGACCACCAGGGTAATGATTGATAGGAACTGTTGTGGGTATTCGTATGAGCATGTCAGAGGTGAAATTCTTGGATTTTGATCAGACGAACTACTGCGAAAGCATTTACCAGGGATGTTTTCATTAATCAAGAACGAAAGTTAGGGGATCGAAGATGATTAGATACCATCGTAGTCTTAACCATAAACTATGCCGACTAGGGATTGGTGAACGTATTAAGACGTCATCAGTACCTCGTGAGAAATCAAAGTCTTTGGGTTCTGGGGGGAGTATGGTCGCAAGGCTGAAACTTAAAGGAATTGACGGAAGGGCACCACCAGGAGTGGAGCCTGCGGCTTAATTTGACTCAACACGGGAAAACTTACCAGGTCCAGACATAAGTAGGATTGACAGATTGAGAGCTCTTTCATGATTGTATGGGTGGTGGTGCATGGCCGTTCTTAGTTGGTGGAGTGATTTGTCTGGTTAATTCCGTTAACGAACGAGACCTCAGCCTACTAAATAGACCGAGCATTGTTTACAATGCGACGGACTTCTTAGAGGGACTTTCTGGTTCTACCGGAAGGAAGTTTGAGGCAATAACAGGTCTGTGATGCCCTTAGATGTTCTGGGCCGCACGCGCGCTACAATGGCAGACTCAGCGAGTTACCTCTGTCGAAAGGCACAGGGAATCTTTACAGTATCTGCCGTGATGGGGATAGACCCTTGTAATTTTTGGTCTTCAACGAGGAATTCCTAGTAAACGCAAGTCATTAACTTGCATTGATTACGTCCCTGCCCTTTGTACACACCGCCCGTCGCACCTACCGATTGAATGGTCCGGTGAAGTCCTCGGACCCAGTTTAACCTCGAGTTGGACAGGGAAAGTCGACTAAATCTTACCATTTAGAGGAAGGTGAAGTCGTAACAAGGTTTCC",222
"16","asv_021","Eukaryota","Stramenopiles","Sagenista","Labyrinthulomycetes","Labyrinthulida","Labyrinthulaceae","Labyrinthula","Labyrinthula_sp.",100,100,100,100,100,100,100,100,37,29,108,39,"AGTCATACGCTTGTCTCAAAGATTAAGCCATGCATGTGTAAGTTCAAGCATTTGTAACGTGAAACTGCGAATGGCTCATTACAACAGTTATAGTTTACTTGATAAACCTTCTACAGGGATAACCGTAGTAATTCTAGAGCTAATACTTGCACCTAGCATTTATTGGATTTTACCAGTCCGGCTTGCCGGTTTCGGGTGAGTCACAACAAACAAGCATATCGCCAGTCGATAAATCATTCAAGTTTCTGCCCTATCAGCTGTAGATGGTAGAGTATTGGCCTACCATGGCATTCACGGGTAACGGGGAATTAGGGTTCTATTCCGGAGAGGGAGCCTGAGAGACGGCTACCACATCCAAGGAAGGCAGCAGGCGCGCAAATTACCCAATCCTGACACGGGGAGGTAGTGACAAGGAATAACAATACGGAACCTCATGGTTTTGTAATTGGAATGAGAACAATCTAAAAACATTAGCGAGGATCGATTGGAGGGCAAGTCTGGTGCCAGCAGCCGCGGTAATTCCAGCTCCAATAGCGTATATTAAAGTTGTTGCAGTTAAAAAGCTCGTAGTTGAAGTTCGGGAGAATGGAACCGGACCACGGGACCGCCTCCCAAATTCGCAAACACGACTCCACGTATTAATTTGCGTGTTGCTCGGGTTGCGTCGTTTACTGTGAACAAATTAGGGTGTTTAAAGCAGTCTTACGTTTGAATACACTAGCATGGAATAATAAGATACGACCTTGGTCGAGTTTTATTGGTGACCACCAGGGTAATGATTGATAGGAACTGTTGTGGGTATTCGTATGAGCATGTCAGAGGTGAAATTCTTGGATTTTGATCAGACGAACTACTGCGAAAGCATTTACCAGGGATGTTTTCATTAATCAAGAACGAAAGTTAGGGGATCGAAGATGATTAGATACCATCGTAGTCTTAACCATAAACTATGCCGACTAGGGATTGGTGAACGTATTAAGACGTCATCAGTACCTCGTGAGAAATCAAAGTCTTTGGGTTCTGGGGGGAGTATGGTCGCAAGGCTGAAACTTAAAGGAATTGACGGAAGGGCACCACCAGGAGTGGAGCCTGCGGCTTAATTTGACTCAACACGGGAAAACTTACCAGGTCCAGACATAAGTAGGATTGACAGATTGGGAGCTCTTTCATGATTGTATGGGTGGTGGTGCATGGCCGTTCTTAGTTGGTGGAGTGATTTGTCTGGTTAATTCCGTTAACGAACGAGACCTCAGCCTACTAAATAGACCGAGCATTGTTACAATGCGACGGACTTCTTAGAGGGACTTTCTGGTTCTACCGGAAGGAAGTTTGAGGCAATAACAGGTCTGTGATGCCCTTAGATGTTCTGGGCCGCACGCGCGCTACAATGGCAGACTCAGCGAGTTACCTCTGTCGAAAGGCACAGGGAATCTTTACAGTATCTGCCGTGATGGGGATAGACCCTTGTAATTTTTGGTCTTCAACGAGGAATTCCTAGTAAACGCAAGTCATTAACTTGCATTGATTACGTCCCTGCCCTTTGTACACACCGCCCGTCGCACCTACCGATTGAATGGTCCGGTGAAGTCCTCGGACCCAGTTTAACCTCGAGTTGGACAGGGAAAGTCGACTAAATCTTACCATTTAGAGGAAGGTGAAGTCGTAACAAGGTTTCC",213
"17","asv_022","Eukaryota","Stramenopiles","Sagenista","Labyrinthulomycetes","Labyrinthulida","Labyrinthulaceae","Labyrinthula","Labyrinthula_sp.",100,100,100,100,100,100,100,100,0,44,118,46,"AGTCATACGCTTGTCTCAAAGATTAAGCCATGCATGTGTAAGTTCAAGCATTTGTAACGTGAAACTGCGAATGGCTCATTACAACAGTTATAGTTTACTTGATAAACCTTCTACAGGGATAACCGTAGTAATTCTAGAGCTAATACTTGCACCTAGCATTTATTGGATTTTACCAGTCCGGCTTGCCGGTTTCGGGTGAGTCACAACAAACAAGCATATCGCCAGTCGATAAATCATTCAAGTTTCTGCCCTATCAGCTGTAGATGGTAGAGTATTGGCCTACCATGGCATTCACGGGTAACGGGGAATTAGGGTTCTATTCCGGAGAGGGAGCCTGAGAGACGGCTACCACATCCAAGGAAGGCAGCAGGCGCGCAAATTACCCAATCCTGACACGGGGAGGTAGTGACAAGGAATAACAATACGGAACCTCATGGTTTTGTAATTGGAATGAGAACAATCTAAAAACATTAGCGAGGATCGATTGGAGGGCAAGTCTGGTGCCAGCAGCCGCGGTAATTCCAGCTCCAATAGCGTATATTAAAGTTGTTGCAGTTAAAAAGCTCGTAGTTGAAGTTCGGGAGAATGGAACCGGACCACGGGATCGCCTCCCAAATTCGCAAACACGACTCCACGTATTAATTTGCGTGTTGCTCGGGTTGCGTCGTTTACTGTGAACAAATTAGGGTGTTTAAAGCAGTCTTACGTTTGAATACACTAGCATGGAATAATAAGATACGACCTTGGTCGAGTTTTATTGGTGACCACCAGGGTAATGATTGATAGGAACTGTTGTGGGTATTCGTATGAGCATGTCAGAGGTGAAATTCTTGGATTTTGATCAGACGAACTACTGCGAAAGCATTTACCAGGGATGTTTTCATTAATCAAGAACGAAAGTTAGGGGATCGAAGATGATTAGATACCATCGTAGTCTTAACCATAAACTATGCCGACTAGGGATTGGTGAACGTATTAAGACGTCATCAGTACCTCGTGAGAAATCAAAGTCTTTGGGTTCTGGGGGGAGTATGGTCGCAAGGCTGAAACTTAAAGGAATTGACGGAAGGGCACCACCAGGAGTGGAGCCTGCGGCTTAATTTGACTCAACACGGGAAAACTTACCAGGTCCAGACATAAGTAGGATTGACAGATTGAGAGCTCTTTCATGATTGTATGGGTGGTGGTGCATGGCCGTTCTTAGTTGGTGGAGTGATTTGTCTGGTTAATTCCGTTAACGAACGAGACCTCAGCCTACTAAATAGACCGAGCATTGTTACAATGCGACGGACTTCTTAGAGGGACTTTCTGGTTCTACCGGAAGGAAGTTTGAGGCAATAACAGGTCTGTGATGCCCTTAGATGTTCTGGGCCGCACGCGCGCTACAATGGCAGACTCAGCGAGTTACCTCTGTCGAAAGGCACAGGGAATCTTTACAGTATCTGCCGTGATGGGGATAGACCCTTGTAATTTTTGGTCTTCAACGAGGAATTCCTAGTAAACGCAAGTCATTAACTTGCATTGATTACGTCCCTGCCCTTTGTACACACCGCCCGTCGCACCTACCGATTGAATGGTCCGGTGAAGTCCTCGGACCCAGTTTAACCTCGAGTTGGACAGGGAAAGTCGACTAAATCTTACCATTTAGAGGAAGGTGAAGTCGTAACAAGGTTTCC",208
"18","asv_023","Eukaryota","Stramenopiles","Ochrophyta","Bacillariophyta","Bacillariophyta_X","Polar-centric-Mediophyceae","Triceratium","Triceratium_dubium",100,100,100,100,100,100,100,100,19,16,117,53,"AGTCATACGCTCGTCTCAAAGATTAAGCCATGCATGTCTAAGTATAAATACTTCTACTGTGAAACTGCGAATGGCTCATTATATCAGTTATAATTTATTTGATAGTCCCTTACTACTTGGATAACCGTAGTAATTCTAGAGCTAATACATGCATCAATACCCAACCGCTCGCGGACGGGTAGCTTTTATTAGATAGAAACCAACCCTCTTCGGAGGTGCTTTGGTGATTCATAATAACCTTGCGAATCGCATGGCCTCGTGCCGGCGATGGATCATTCAAGTTTCTGCCCTATCAGCTTTGGATGGTAGGGTATTGGCCTACCATGGCTTTAACGGGTAACGGATAATTAGGGTTAGATTCCGGAGAGGGAGCCTGAGAGACGGCTACCACATCCAAGGAAGGCAGCAGGCGCGTAAATTACCCAATCCTGACACAGGGAGGTAGTGACAATAAATAACAATGCCGGGCCTTTCTAGGTCTGGCAATTGGAATGAGAACAATTTAAATCCCTTATCGAGGATCAATTGGAGGGCAAGTCTGGTGCCAGCAGCCGCGGTAATTCCAGCTCCAATAGCGTATATTAAAGTTGTTGCAGTTAAAAAGCTCGTAGTTGGATATCTGGTGGGAGCAATGGGTCTCGTGCTTAGCGCGGGTACTTCAATTGACTCTTGCCATCCTTGGGGAGAGCCCGTCTGGCATTAGGTTGTCGGGCGGGGGATCCCCATCGTTTACTGTGAAAAAATTAGAGTGTTCAAAGCAGGCTTATGCCGCTGAATATATTAGCATGGAATAATAAGATAGGACTCTGGTACTATTTTGTTGGTTTGTGTACCAAAGTAATGATTAATAGGAACAGTCGGGGGTATTCATATTCCGTTGTCAGAGGTGAAATTCTTGGATTTACGGAAGATGAACTACTGCGAAAGCATTTACCAAGGATGTTTTCATTAATCAAGAACGAAAGTTGGGGGATCGAAGATGATTAGATACCATCGTAGTCTCAACCATAAACTATGCCGACTCGGGATTGGCGGGTGTTTTTCAATGACCCCGTCAGCACCGTATGAGAAATCAAAGTCTTTGGGTTCCGGGGGGAGTATGGTCGCAAGGCTGAAACTTAAAGAAATTGACGGAAGGGCACCACCAGGAGTGGAGCCTGCGGCTTAATTTGACTCAACACGGGAAAACTTACCAGGTCCAGACATAGTGAGGATTGACAGATTGAGAGTTCTTTCTTGATTCTATGGGTGGTGGTGCATGGCCGTTCTTAGTTGGTGGAGTGATTTGTCTGGTTAATTCCGTTAACGAACGAGACCCCTGCCTGCTAAATAGTTCCGCCGATCAGTCTTGATTAGCGAGAGCTTCTTAGAGGGACGTCCATCTACTAGATGGAGGAAGATAGGGGCAATAACAGGTCTGTGATGCCCTTAGATGTTCTGGGCCGCACGCGCGCTACACTGACGTATTCAACGAGTTTATAACCTTGGCCGAGAGGCCTGGGCAATCTTGTTAATGTACGTCGTGATAGGGATCGATCCTTGCAATTTTGGATCGTGAACGAGGAATTCCTAGTAAATATGGTTCATCAAACCGTGTTGATTACGTCCCTGCCCTTTGTACACACCGCCCGTCGCACCTACCGATTGAATGATCCGGTGAGGCCTCGGGATTGTGGCCCCTGCTATTAAGTTAGTGTGGGCCGCGAGAACTTGTCCAAACCTTATCATTTAGAGGAAGGTGAAGTCGTAACAAGGTTTCC",205
"19","asv_026","Eukaryota","Stramenopiles","Sagenista","Labyrinthulomycetes","Labyrinthulida","Labyrinthulaceae","Labyrinthula","Labyrinthula_sp.",100,100,100,100,100,100,100,100,31,41,111,0,"AGTCATACGCTTGTCTCAAAGATTAAGCCATGCATGTGTAAGTTCAAGCATTTGTAACGTGAAACTGCGAATGGCTCATTACAACAGTTATAGTTTACTTGATAAACCTTCTACAGGGATAACCGTAGTAATTCTAGAGCTAATACTTGCACCTAGCATTTATTGGATTTTACCAGTCCGGCTTGCCGGTTTCGGGTGAGTCACAACAAACAAGCATATCGCCAGTCGATAAATCATTCAAGTTTCTGCCCTATCAGCTGTAGATGGTAGAGTATTGGCCTACCATGGCATTCACGGGTAACGGGGAATTAGGGTTCTATTCCGGAGAGGGAGCCTGAGAGACGGCTACCACATCCAAGGAAGGCAGCAGGCGCGCAAATTACCCAATCCTGACACGGGGAGGTAGTGACAAGGAATAACAATACGGAACCTCATGGTTTTGTAATTGGAATGAGAACAATCTAAAAACATTAGCGAGGATCGATTGGAGGGCAAGTCTGGTGCCAGCAGCCGCGGTAATTCCAGCTCCAATAGCGTATATTAAAGTTGTTGCAGTTAAAAAGCTCGTAGTTGAAGTTCGGGAGAATGGAACCGGACCACGGGACCGCCCCCCAAATTCGCAAACACGACTCCACGTATTAATTTGCGTGTTGCTCGGGTTGCGTCGTTTACTGTGAACAAATTAGGGTGTTTAAAGCAGTCTTACGTTTGAATACACTAGCATGGAATAATAAGATACGACCTTGGTCGAGTTTTATTGGTGACCACCAGGGTAATGATTGATAGGAACTGTTGTGGGTATTCGTATGAGCATGTCAGAGGTGAAATTCTTGGATTTTGATCAGACGAACTACTGCGAAAGCATTTACCAGGGATGTTTTCATTAATCAAGAACGAAAGTTAGGGGATCGAAGATGATTAGATACCATCGTAGTCTTAACCATAAACTATGCCGACTAGGGATTGGTGAACGTATTAAGACGTCATCAGTACCTCGTGAGAAATCAAAGTCTTTGGGTTCTGGGGGGAGTATGGTCGCAAGGCTGAAACTTAAAGGAATTGACGGAAGGGCACCACCAGGAGTGGAGCCTGCGGCTTAATTTGACTCAACACGGGAAAACTTACCAGGTCCAGACATAAGTAGGATTGACAGATTGAGAGCTCTTTCATGATTGTATGGGTGGTGGTGCATGGCCGTTCTTAGTTGGTGGAGTGATTTGTCTGGTTAATTCCGTTAACGAACGAGACCTCAGCCTACTAAATAGACCGAGCATTGTTACAATGCGACGGACTTCTTAGAGGGACTTTCTGGTTCTACCGGAAGGAAGTTTGAGGCAATAACAGGTCTGTGATGCCCTTAGATGTTCTGGGCCGCACGCGCGCTACAATGGCAGACTCAGCGAGTTACCTCTGTCGAAAGGCACAGGGAATCTTTACAGTATCTGCCGTGATGGGGATAGACCCTTGTAATTTTTGGTCTTCAACGAGGAATTCCTAGTAAACGCAAGTCATTAACTTGCATTGATTACGTCCCTGCCCTTTGTACACACCGCCCGTCGCACCTACCGATTGAATGGTCCGGTGAAGTCCTCGGACCCAGTTTAACCTCGAGTTGGACAGGGAAAGTCGACTAAATCTTACCATTTAGAGGAAGGTGAAGTCGTAACAAGGTTTCC",183
"20","asv_028","Eukaryota","Stramenopiles","Sagenista","Labyrinthulomycetes","Labyrinthulida","Labyrinthulaceae","Labyrinthula","Labyrinthula_sp.",100,100,100,100,100,100,100,100,36,33,77,30,"AGTCATACGCTTGTCTCAAAGATTAAGCCATGCATGTGTAAGTTCAAGCATTTGTAACGTGAAACTGCGAATGGCTCATTACAACAGTTATAGTTTACTTGATAAACCTTCTACAGGGATAACCGTAGTAATTCTAGAGCTAATACTTGCACCTAGCATTTATTGGATTTTACCAGTCCGGCTTGCCGGTTTCGGGTGAGTCACAACAAACAAGCATATCGCCAGTCGATAAATCATTCAAGTTTCTGCCCTATCAGCTGTAGATGGTAGAGTATTGGCCTACCATGGCATTCACGGGTAACGGGGAATTAGGGTTCTATTCCGGAGAGGGAGCCTGAGAGACGGCTACCACATCCAAGGAAGGCAGCAGGCGCGCAAATTACCCAATCCTGACACGGGGAGGTAGTGACAAGGAATAACAATACGGAACCTCATGGTTTTGTAATTGGAATGAGAACAATCTAAAAACATTAGCGAGGATCGATTGGAGGGCAAGTCTGGTGCCAGCAGCCGCGGTAATTCCAGCTCCAATAGCGTATATTAAAGTTGTTGCAGTTAAAAAGCTCGTAGTTGAAGTTCGGGAGAATGGAACCGGACCACGGGACCGCCTCCCAAATTCGCAAACACGACTCCACGTATTAATTTGCGTGTTGCTCGGGTTGCGTCGTTTACTGTGAACAAATTAGGGTGTTTAAAGCAGTCTTACGTTTGAATACACTAGCATGGAATAATAAGATACGACCTTGGTCGAGTTTTATTGGTGACCACCAGGGTAATGATTGATAGGAACTGTTGTGGGTATTCGTATGAGCATGTCAGAGGTGAAATTCTTGGATTTTGATCAGACGAACTACTGCGAAAGCATTTACCAGGGATGTTTTCATTAATCAAGAACGAAAGTTAGGGGATCGAAGATGATTAGATACCATCGTAGTCTTAACCATAAACTATGCCGACTAGGGATTGGTGAACGTATTAAGACGTCATCAGTACCTCGTGAGAAATCAAAGTCTTTGGGTTCTGGGGGGAGTATGGTCGCAAGGCTGAAACTTAAAGGAATTGACGGAAGGGCACCACCAGGAGTGGAGCCTGCGGCTTAATTTGACTCAACACGGGAAAACTTACCAGGTCCAGACATAAGTAGGATTGACAGATTGAGAGCTCTTTCATGATTGTATGGGTGGTGGTGCATGGCCGTTCTTAGTTGGTGGAGTGATTTGTCTGGTTAATTCCGTTAACGAACGAGACCTCAGCCTACTAAATAGACCGAGCATTGTTACAATGCGACGGACTTCTTAGAGGGACTTTCTGGTTCTACCGGAAGGAAGTTTGAGGCAATAACAGGTCTGTGATGCCCTTAGATGTTCTGGGCCGCACGCGCGCTACAATGGCAGACTCAGCGAGTTACCTCCGTCGAAAGGCACAGGGAATCTTTACAGTATCTGCCGTGATGGGGATAGACCCTTGTAATTTTTGGTCTTCAACGAGGAATTCCTAGTAAACGCAAGTCATTAACTTGCATTGATTACGTCCCTGCCCTTTGTACACACCGCCCGTCGCACCTACCGATTGAATGGTCCGGTGAAGTCCTCGGACCCAGTTTAACCTCGAGTTGGACAGGGAAAGTCGACTAAATCTTACCATTTAGAGGAAGGTGAAGTCGTAACAAGGTTTCC",176
"21","asv_029","Eukaryota","Stramenopiles","Sagenista","Labyrinthulomycetes","Labyrinthulida","Labyrinthulaceae","Labyrinthula","Labyrinthula_sp.",100,100,100,100,100,100,100,100,34,52,68,21,"AGTCATACGCTTGTCTCAAAGATTAAGCCATGCATGTGTAAGTTCAAGCATTTGTAACGTGAAACTGCGAATGGCTCATTACAACAGTTATAGTTTACTTGATAAACCTTCTACAGGGATAACCGTAGTAATTCTAGAGCTAATACTTGCACCTAGCATTTATTGGATTTTACCAGTCCGGCTTGCCGGTTTCGGGTGAGTCACAACAAACAAGCATATCGCCAGTCGATAAATCATTCAAGTTTCTGCCCTATCAGCTGTAGATGGTAGAGTATTGGCCTACCATGGCATTCACGGGTAACGGGGAATTAGGGTTCTATTCCGGAGAGGGAGCCTGAGAGACGGCTACCACATCCAAGGAAGGCAGCAGGCGCGCAAATTACCCAATCCTGACACGGGGAGGTAGTGACAAGGAATAACAATACGGAACCTCATGGTTTTGTAATTGGAATGAGAACAATCTAAAAACATTAGCGAGGATCGATTGGAGGGCAAGTCTGGTGCCAGCAGCCGCGGTAATTCCAGCTCCAATAGCGTATATTAAAGTTGTTGCAGTTAAAAAGCTCGTAGTTGAAGTTCGGGAGAATGGAACCGGACCACGGGACCGCCTCCCAAATTCGCAAACACGACTCCACGTATTAATTTGCGTGTTGCTCGGGTTTCGTCGTTTACTGTGAACAAATTAGGGTGTTTAAAGCAGTCTTACGTTTGAATACACTAGCATGGAATAATAAGATACGACCTTGGTCGAGTTTTATTGGTGACCACCAGGGTAATGATTGATAGGAACTGTTGTGGGTATTCGTATGAGCATGTCAGAGGTGAAATTCTTGGATTTTGATCAGACGAACTACTGCGAAAGCATTTACCAGGGATGTTTTCATTAATCAAGAACGAAAGTTAGGGGATCGAAGATGATTAGATACCATCGTAGTCTTAACCATAAACTATGCCGACTAGGGATTGGTGAACGTATTAAGACGTCATCAGTACCTCGTGAGAAATCAAAGTCTTTGGGTTCTGGGGGGAGTATGGTCGCAAGGCTGAAACTTAAAGGAATTGACGGAAGGGCACCACCAGGAGTGGAGCCTGCGGCTTAATTTGACTCAACACGGGAAAACCTACCAGGTCCAGACATAAGTAGGATTGACAGATTGAGAGCTCTTTCATGATTGTATGGGTGGTGGTGCATGGCCGTTCTTAGTTGGTGGAGTGATTTGTCTGGTTAATTCCGTTAACGAACGAGACCTCAGCCTACTAAATAGACCGAGCATTGTTACAATGCGACGGACTTCTTAGAGGGACTTTCTGGTTCTACCGGAAGGAAGTTTGAGGCAATAACAGGTCTGTGATGCCCTTAGATGTTCTGGGCCGCACGCGCGCTACAATGGCAGACTCAGCGAGTTACCTCTGTCGAAAGGCACAGGGAAGCTTTACAGTATCTGCCGTGATGGGGATAGACCCTTGTAATTTTTGGTCTTCAACGAGGAATTCCTAGTAAACGCAAGTCATTAACTTGCATTGATTACGTCCCTGCCCTTTGTACACACCGCCCGTCGCACCTACCGATTGAATGGTCCGGTGAAGTCCTCGGACCCAGTTTAACCTCGAGTTGGACAGGGAAAGTCGACTAAATCTTACCATTTAGAGGAAGGTGAAGTCGTAACAAGGTTTCC",175
"22","asv_030","Eukaryota","Stramenopiles","Sagenista","Labyrinthulomycetes","Labyrinthulida","Labyrinthulaceae","Labyrinthula","Labyrinthula_sp.",100,100,100,100,100,100,100,100,0,32,97,43,"AGTCATACGCTTGTCTCAAAGATTAAGCCATGCATGTGTAAGTTCAAGCATTTGTAACGTGAAACTGCGAATGGCTCATTACAACAGTTATAGTTTACTTGATAAACCTTCTACAGGGATAACCGTAGTAATTCTAGAGCTAATACTTGCACCTAGCATTTATTGGATTTTACCAGTCCGGCTTGCCGGTTTCGGGTGAGTCACAACAAACAAGCATATCGCCAGTCGATAAATCATTCAAGTTTCTGCCCTATCAGCTGTAGATGGTAGAGTATTGGCCTACCATGGCATTCACGGGTAACGGGGAATTAGGGTTCTATTCCGGAGAGGGAGCCTGAGAGACGGCTACCACATCCAAGGAAGGCAGCAGGCGCGCAAATTACCCAATCCTGACACGGGGAGGTAGTGACAAGGAATAACAATACGGAACCTCATGGTTTTGTAATTGGAATGAGAACAATCTAAAAACATTAGCGAGGATCGATTGGAGGGCAAGTCTGGTGCCAGCAGCCGCGGTAATTCCAGCTCCAATAGCGTATATTAAAGTTGTTGCAGTTAAAAAGCTCGTAGTTGAAGTTCGGGAGAATGGAACCGGACCACGGGACCGCCTCCCAAATTCGCAAACACGACTCCACGTATTAATTTGCGTGTTGCTCGGGTTGCGTCGTTTACTGTGAACAAATTAGGGTGTTTAAAGCAGTCTTACGTTTGAATACACTAGCATGGAATAATAAGATACGACCTTGGTCGAGTTTTATTGGTGACCACCAGGGTAATGATTGATAGGAACTGTTGTGGGTATTCGTATGAGCATGTCAGAGGTGAAATTCTTGGATTTTGATCAGACGAACTACTGCGAAAGCATTTACCAGGGATGTTTTCATTAATCAAGAACGAAAGTTAGGGGATCGAAGATGATTAGATACCATCGTAGTCTTAACCATAAACTATGCCGACTAGGGATTGGTGAACGTATTAAGACGTCATCAGTACCTCGTGAGAAATCAAAGTCTTTGGGTTCTGGGGGGAGTATGGTCGCAAGGCTGAAACTTAAAGGAATTGACGGAAGGGCACCACCAGGAGTGGAGCCTGCGGCTTAATTTGACTCAACACGGGAAAACTTACCAGGTCCAGACATAAGTAGGATTGACAGATTGAGAGCTCTTTCATGATTGTATGGGTGGTGGTGCATGGCCGTTCTTAGTTGGTGGAGTGATTTGTCTGGTTAATTCCGTTAACGAACGAGACCTCAGCCTACTAAATAGACCGAGCATTGTTACAATGCGACGGACTTCTTAGAGGGACTTTCTGGTTCTACCGGAAGGAAGTTTGAGGCAATAACAGGTCTGTGATGCCCTTAGATGTTCTGGGCCGCACGCGCGCTACAATGGCAGACTCAGCGAGTTACCTCTGTCGAAAGGCACAGGGAATCTTTACAGTATCTGCCGTGATGGGGATAGACCCTTGTAATTTTTGGTCTTCAACGAGGAATTCCTAGTAAACGCAAGTCATTAACTTGCATTGATTACGTCCCTGCCCTTTGTACACACCGCCCGTCGCACCTACCGATTGAATGGTCCGGTGAAGTCCTCGGACCAAGTTTAACCTCGAGTTGGACAGGGAAAGTCGACTAAATCTTACCATTTAGAGGAAGGTGAAGTCGTAACAAGGTTTCC",172
"23","asv_031","Eukaryota","Hacrobia","Cryptophyta","Cryptophyceae","Goniomonadales","Goniomonadales_X","Goniomonas","Goniomonas_amphinema",100,100,100,100,100,100,100,82,5,12,111,25,"AGTCATATGCTTGTCTCAAAGATTAAGCCATGCATGTCTAAGTGTAAATAAGTCTACACTGTGAAACTGCGAATGGCTCATTAAATCAGTTATCGTTTATTTGATGGTCCCTTACTACATGGATAACCGTAGTAATTCTAGAGCTAATACATGCATATAACCCCGACTTCGGAAGGGGTGTATTTATTAGATTCAAAACCAACCTCCGGGCAACCGGTGTCCCTTGGTGATTCATAATAACTTTTCGAACCGTATGGCCTTGCGCTGGCGGTGATTCATTCAAATTTCTGCCCTATCAACTTTCGATGGTAGGATAGAGGCCTACCATGGTTTTAACGGGTGACGGAGAATTAGGGTTCGATTCCGGAGAGGGAGCCTGAGAGACGGCTACCACATCCAAGGAAGGCAGCAGGCGCGCAAATTACCCAATCCCGATACGGGGAGGTAGTGACAATAAATAACAATACAGGGCTCTACGAGTCTTGTAATTGGAATGAGTACAATTTAAATCCCTTAACGAGGATCAATTAGAGGGCAAGTCTGGTGCCAGCAGCCGCGGTAATTCCAGCTCTAATAGCGTATATTAAAGTTGTTGCAGTTAAAAAGCTCGTAGTTGGATTTTGGGGTCGGGCACGCTGTCGGGCTCTGCTCGGATTGGCATGACCGGCCCTTTCCTTCTGGGGACCGCGTTCCTCTTGATTGAGGGGCGTTGGGACGCAGATCGTTTACTTTGAAAAAATTAGAGTGTTCAAAGCAGGCAATCGCTTGAATACATTAGCATGGAATAATGGAATAGGACTCCGGTTCTATTTTGTTGGTTTCTAGGACCGAAGTAATGATTAATAGGGATAGTTGGGGGCGTTTGTATTCCGTTGTCAGAGGTGAAATTCTTGGATTTACGGAAGACAAACTTCTGCGAAAGCATTCGCCAAGGATGTTTTCATTAATCAAGAACGAAAGTTAGGGGATCGAAGACGATCAGATACCGTCGTAGTCTTAACCATAAACTATGCCGACTAGGGATCAGCAGACGTTATCAATGACTCTGCTGGCACCTTGTGAGAAATCAAAGTTTTTGGGTTCCGGGGGGAGTATGGTCGCAAGGCTGAAACTTAAAGGAATTGACGGAAGGGCACCACCAGGAGTGGAGCCTGCGGCTTAATTTGACTCAACACGGGGAAACTTACCAGGTCCAGACATAGTAAGGATTGACAGATTGAAAGCTCTTTCTTGATTCTATGGGTGGTGGTGCATGGCCGTTCTTAGTTGGTGGAGTGATTTGTCTGGTTAATTCCGTTAACGAACGAGACCTCAGCCTGCTAAATAGACACGTGAATGCTTGCATTTGCGGCCGTCTTCTTAGAGGGACTATTTGTGTTTAACGAATGGAAGTTTGAGGCAATAACAGGTCTGTGATGCCCTTAGATGTTCTGGGCCGCACGCGCGCTACACTGATGAAGTCAACAAGTTCACAACCTTGACCGAAAGGCCCGGGTAAACTTTGAACTTTCATCGTGATGGGGATAGATTATTGCAATTATTAATCTTCAACGAGGAATTCCTAGTAAGCGTGATTCATCAGATCGCGTTGATTACGTCCCTGCCCTTTGTACACACCGCCCGTCGCTTGTACCGATTGGATGGTCCGGTGAATTCTTCGGATTGCTGGCGTTGGCTTCGCAAGTTGCCGACTGCTGCGAAAAGTTGATTAAACCTTATCATCTAGAGGAACAAGAAGTCGTAACAAGGTTTCC",153
"24","asv_032","Eukaryota","Stramenopiles","Sagenista","Labyrinthulomycetes","Labyrinthulida","Labyrinthulaceae","Labyrinthula","Labyrinthula_sp.",100,100,100,100,100,100,100,100,28,27,69,25,"AGTCATACGCTTGTCTCAAAGATTAAGCCATGCATGTGTAAGTTCAAGCATTTGTAACGTGAAACTGCGAATGGCTCATTACAACAGTTATAGTTTACTTGATAAACCTTCTACAGGGATAACCGTAGTAATTCTAGAGCTAATACTTGCACCTAGCATTTATTGGATTTTACCAGTCCGGCTTGCCGGTTTCGGGTGAGTCACAACAAACAAGCATATCGCCAGTCGATAAATCATTCAAGTTTCTGCCCTATCAGCTGTAGATGGTAGAGTATTGGCCTACCATGGCATTCACGGGTAACGGGGAATTAGGGTTCTATTCCGGAGAGGGAGCCTGAGAGACGGCTACCACATCCAAGGAAGGCAGCAGGCGCGCAAATTACCCAATCCTGACACGGGGAGGTAGTGACAAGGAATAACAATACGGAACCTCATGGTTTTGTAATTGGAATGAGAACAATCTAAAAACATTAGCGAGGATCGATTGGATGGCAAGTCTGGTGCCAGCAGCCGCGGTAATTCCAGCTCCAATAGCGTATATTAAAGTTGTTGCAGTTAAAAAGCTCGTAGTTGAAGTTCGGGAGAATGGAACCGGACCACGGGACCGCCTCCCAAATTCGCAAACACGACTCCACGTATTAATTTGCGTGTTGCTCGGGTTGCGTCGTTTACTGTGAACAAATTAGGGTGTTTAAAGCAGTCTTACGTTTGAATACACTAGCATGGAATAATAAGATACGACCTTGGTCGAGTTTTATTGGTGACCACCAGGGTAATGATTGATAGGAACTGTTGTGGGTATTCGTATGAGCATGTCAGAGGTGAAATTCTTGGATTTTGATCAGACGAACTACTGCGAAAGCATTTACCAGGGATGTTTTCATTAATCAAGAACGAAAGTTAGGGGATCGAAGATGATTAGATACCATCGTAGTCTTAACCATAAACTATGCCGACTAGGGATTGGTGAACGTATTAAGACGTCATCAGTACCTCGTGAGAAATCAAAGTCTTTGGGTTCTGGGGGGAGTATGGTCGCAAGGCTGAAACTTAAAGGAATTGACGGAAGGGCACCACCAGGAGTGGAGCCTGCGGCTTAATTTGACTCAACACGGGAAAACTTACCAGGTCCAGACATAAGTAGGATTGACAGATTGAGAGCTCTTTCATGATTGTATGGGTGGTGGTGCATGGCCGTTCTTAGTTGGTGGAGTGATTTGTCTGGTTAATTCCGTTAACGAACGAGACCTCAGCCTACTAAATAGACCGAGCATTGTTACAATGCGACGGACTTCTTAGAGGGACTTTCTGGTTCTACCGGAAGGAAGTTTGAGGCAATAACAGGTCTGTGATGCCCTTAGATGTTCTGGGCCGCACGCGCGCTACAATGGCAGACTCAGCGAGTTACCTCTGTCGAAAGGCACAGGGAATCTTTACAGTATCTGCCGTGATGGGGATAGACCCTTGTAATTTTTGGTCTTCAACGAGGAATTCCTAGTAAACGCAAGTCATTAACTTGCATTGATTACGTCCCTGCCCTTTGTACACACCGCCCGTCGCACCTACCGATTGAATGGTCCGGTGAAGTCCTCGGACCCAGTTTAACCTCGAGTTGGACAGGGAAAGTCGACTAAATCTTACCATTTAGAGGAAGGTGAAGTCGTAACAAGGTTTCC",149
"25","asv_035","Eukaryota","Stramenopiles","Sagenista","Labyrinthulomycetes","Labyrinthulida","Labyrinthulaceae","Labyrinthula","Labyrinthula_sp.",100,100,100,100,100,100,100,100,0,0,98,36,"AGTCATACGCTTGTCTCAAAGATTAAGCCATGCATGTGTAAGTTCAAGTATTTGTAACGTGAAACTGCGAATGGCTCATTACAACAGTTATAGTTTACTTGATAAACCTTCTACAGGGATAACCGTAGTAATTCTAGAGCTAATACTTGCACCTAGCATTTATTGGATTTTACCAGTCCGGCTTGCCGGTTTCGGGTGAGTCACAACAAACAAGCATATCGCCAGTCGATAAATCATTCAAGTTTCTGCCCTATCAGCTGTAGATGGTAGAGTATTGGCCTACCATGGCATTCACGGGTAACGGGGAATTAGGGTTCTATTCCGGAGAGGGAGCCTGAGAGACGGCTACCACATCCAAGGAAGGCAGCAGGCGCGCAAATTACCCAATCCTGACACGGGGAGGTAGTGACAAGGAATAACAATACGGAACCTCATGGTTTTGTAATTGGAATGAGAACAATCTAAAAACATTAGCGAGGATCGATTGGAGGGCAAGTCTGGTGCCAGCAGCCGCGGTAATTCCAGCTCCAATAGCGTATATTAAAGTTGTTGCAGTTAAAAAGCTCGTAGTTGAAGTTCGGGAGAATGGAACCGGACCACGGGACCGCCTCCCAAATTCGCAAACACGACTCCACGTATTAATTTGCGTGTTGCTCGGGTTGCGTCGTTTACTGTGAACAAATTAGGGTGTTTAAAGCAGTCTTACGTTTGAATACACTAGCATGGAATAATAAGATACGACCTTGGTCGAGTTTTATTGGTGACCACCAGGGTAATGATTGATAGGAACTGTTGTGGGTATTCGTATGAGCATGTCAGAGGTGAAATTCTTGGATTTTGATCAGACGAACTACTGCGAAAGCATTTACCAGGGATGTTTTCATTAATCAAGAACGAAAGTTAGGGGATCGAAGATGATTAGATACCATCGTAGTCTTAACCATAAACTATGCCGACTAGGGATTGGTGAACGTATTAAGACGTCATCAGTACCTCGTGAGAAATCAAAGTCTTTGGGTTCTGGGGGGAGTATGGTCGCAAGGCTGAAACTTAAAGGAATTGACGGAAGGGCACCACCAGGAGTGGAGCCTGCGGCTTAATTTGACTCAACACGGGAAAACTTACCAGGTCCAGACATAAGTAGGATTGACAGATTGAGAGCTCTTTCATGATTGTATGGGTGGTGGTGCATGGCCGTTCTTAGTTGGTGGAGTGATTTGTCTGGTTAATTCCGTTAACGAACGAGACCTCAGCCTACTAAATAGACCGAGCATTGTTACAATGCGACGGACTTCTTAGAGGGACTTTCTGGTTCTACCGGAAGGAAGTTTGAGGCAATAACAGGTCTGTGATGCCCTTAGATGTTCTGGGCCGCACGCGCGCTACAATGGCAGACTCAGCGAGTTACCTCTGTCGAAAGGCACAGGGAATCTTTACAGTATCTGCCGTGATGGGGATAGACCCTTGTAATTTTTGGTCTTCAACGAGGAATTCCTAGTAAACGCAAGTCATTAACTTGCATTGATTACGTCCCTGCCCTTTGTACACACCGCCCGTCGCACCTACCGATTGAATGGTCCGGTGAAGTCCTCGGACCCAGTTTAACCTCGAGTTGGACAGGGAAAGTCGACTAAATCTTACCATTTAGAGGAAGGTGAAGTCGTAACAAGGTTTCC",134
"26","asv_036","Eukaryota","Stramenopiles","Sagenista","Labyrinthulomycetes","Labyrinthulida","Labyrinthulaceae","Labyrinthula","Labyrinthula_sp.",100,100,100,100,100,100,100,100,24,41,46,9,"AGTCATACGCTTGTCTCAAAGATTAAGCCATGCATGTGTAAGTTCAAGCATTTGTAACGTGAAACTGCGAATGGCTCATTACAACAGTTATAGTTTACTTGATAAACCTTCTACAGGGATAACCGTAGTAATTCTAGAGCTAATACTTGCACCTAGCATTTATTGGATTTTACCAGTCCGGCTTGCCGGTTTCGGGTGAGTCACAACAAACAAGCATATCGCCAGTCGATAAATCATTCAAGTTTCTGCCCTATCAGCTGTAGATGGTAGAGTATTGGCCTACCATGGCATTCACGGGTAACGGGGAATTAGGGTTCTATTCCGGAGAGGGAGCCTGAGAGACGGCTACCACATCCAAGGAAGGCAGCAGGCGCGCAAATTACCCAATCCTGACACGGGGAGGTAGTGACAAGGAATAACAATACGGAACCTCATGGTTTTGTAATTGGAATGAGAACAATCTAAAAACATTAGCGAGGATCGATTGGAGGGCAAGTCTGGTGCCAGCAGCCGCGGTAATTCCAGCTCCAATAGCGTATATTAAAGTTGTTGCAGTTAAAAAGCTCGTAGTTGAAGTTCGGGAGAATGAAACCGGACCACGGGACCGCCTCCCAAATTCGCAAACACGACTCCACGTATTAATTTGCGTGTTGCTCGGGTTGCGTCGTTTACTGTGAACAAATTAGGGTGTTTAAAGCAGTCTTACGTTTGAATACACTAGCATGGAATAATAAGATACGACCTTGGTCGAGTTTTATTGGTGACCACCAGGGTAATGATTGATAGGAACTGTTGTGGGTATTCGTATGAGCATGTCAGAGGTGAAATTCTTGGATTTTGATCAGACGAACTACTGCGAAAGCATTTACCAGGGATGTTTTCATTAATCAAGAACGAAAGTTAGGGGATCGAAGATGATTAGATACCATCGTAGTCTTAACCATAAACTATGCCGACTAGGGATTGGTGAACGTATTAAGACGTCATCAGTACCTCGTGAGAAATCAAAGTCTTTGGGTTCTGGGGGGAGTATGGTCGCAAGGCTGAAACTTAAAGGAATTGACGGAAGGGCACCACCAGGAGTGGAGCCTGCGGCTTAATTTGACTCAACACGGGAAAACTTACCAGGTCCAGACATAAGTAGGATTGACAGATTGAGAGCTCTTTCATGATTGTATGGGTGGTGGTGCATGGCCGTTCTTAGTTGGTGGAGTGATTTGTCTGGTTAATTCCGTTAACGAACGAGACCTCAGCCTACTAAATAGACCGAGCATTGTTACAATGCGACGGACTTCTTAGAGGGACTTTCTGGTTCTACCGGAAGGAAGTTTGAGGCAATAACAGGTCTGTGATGCCCTTAGATGTTCTGGGCCGCACGTGCGCTACAATGGCAGACTCAGCGAGTTACCTCTGTCGAAAGGCACAGGGAATCTTTACAGTATCTGCCGTGATGGGGATAGACCCTTGTAATTTTTGGTCTTCAACGAGGAATTCCTAGTAAACGCAAGTCATTAACTTGCATTGATTACGTCCCTGTCCTTTGTACACACCGCCCGTCGCACCTACCGATTGAATGGTCCGGTGAAGTCCTCGGACCCAGTTTAACCTCGAGTTGGACAGGGAAAGTCGACTAAATCCTACCATTTAGAGGAAGGTGAAGTCGTAACAAGGTTTCC",120
"27","asv_038","Eukaryota","Stramenopiles","Sagenista","Labyrinthulomycetes","Labyrinthulida","Labyrinthulaceae","Labyrinthula","Labyrinthula_sp.",100,100,100,100,100,100,100,100,0,21,56,21,"AGTCATACGCTTGTCTCAAAGATTAAGCCATGCATGTGTAAGTTCAAGCATTTGTAACGTGAAACTGCGAATGGCTCATTACAACAGTTATAGTTTACTTGATAAACCTTCTACAGGGATAACCGTAGTAATTCTAGAGCTAATACTTGCACCTAGCATTTATTGGATTTTACCAGTCCGGCTTGCCGGTTTCGGGTGAGTCACAACAAACAAGCATATCGCCAGTCGATAAATCATTCAAGTTTCTGCCCTATCAGCTGTAGATGGTAGAGTATTGGCCTACCATGGCATTCACGGGTAACGGCGAATTAGGGTTCTATTCCGGAGAGGGAGCCTGAGAGACGGCTACCACATCCAAGGAAGGCAGCAGGCGCGCAAATTACCCAATCCTGACACGGGGAGGTAGTGACAAGGAATAACAATACGGAACCTCATGGTTTTGTAATTGGAATGAGAACAATCTAAAAACATTAGCGAGGATCGATTGGAGGGCAAGTCTGGTGCCAGCAGCCGCGGTAATTCCAGCTCCAATAGCGTATATTAAAGTTGTTGCAGTTAAAAAGCTCGTAGTTGAAGTTCGGGAGAATGGAACCGGACCACGGGACCGCCTCCCAAATTCGCAAACACGACTCCACGTATTAATTTGCGTGTTGCTCGGGTTGCGTCGTTTACTGTGAACAAATTAGGGTGTTTAAAGCAGTCTTACGTTTGAATACACTAGCATGGAATAATAAGATACGACCTTGGTCGAGTTTTATTGGTGACCACCAGGGTAATGATTGATAGGAACTGTTGTGGGTATTCGTATGAGCATGTCAGAGGTGAAATTCTTGGATTTTGATCAGACGAACTACTGCGAAAGCATTTACCAGGGATGTTTTCATTAATCAAGAACGAAAGTTAGGGGATCGAAGATGATTAGATACCATCGTAGTCTTAACCATAAACTATGCCGACTAGGGATTGGTGAACGTATTAAGACGTCATCAGTACCTCGTGAGAAATCAAAGTCTTTGGGTTCTGGGGGGAGTATGGTCGCAAGGCTGAAACTTAAAGGAATTGACGGAAGGGCACCACCAGGAGTGGAGCCTGCGGCTTAATTTGACTCAACACGGGAAAACTTACCAGGTCCAGACATAAGTAGGATTGACAGATTGAGAGCTCTTTCATGATTGTATGGGTGGTGGTGCATGGCCGTTCTTAGTTGGTGGAGTGATTTGTCTGGTTAATTCCGTTAACGAACGAGACCTCAGCCTACTAAATAGACCGAGCATTGTTACAATGCGACGGACTTCTTAGAGGGACTTTCTGGTTCTACCGGAAGGAAGTTTGAGGCAATAACAGGTCTGTGATGCCCTTAGATGTTCTGGGCCGCACGCGCGCTACAATGGCAGACTCAGCGAGTTACCTCTGTCGAAAGGCACAGGGAATCTTTACAGTATCTGCCGTGATGGGGATAGACCCTTGTAATTTTTGGTCTTCAACGAGGAATTCCTAGTAAACGCAAGTCATTAACTTGCATTGATTACGTCCCTGCCCTTTGTACACACCGCCCGTCGCACCTACCGATTGAATGGTCCGGTGAAGTCCTCGGACCCAGTTTAACCTCGAGTTGGACAGGGAAAGTCGACTAAATCTTACCATTTAGAGGAAGGTGAAGTCGTAACAAGGTTTCC",98
"28","asv_039","Eukaryota","Stramenopiles","Sagenista","Labyrinthulomycetes","Labyrinthulida","Labyrinthulaceae","Labyrinthula","Labyrinthula_sp.",100,100,100,100,100,100,100,100,0,22,55,18,"AGTCATACGCTTGTCTCAAAGATTAAGCCATGCATGTGTAAGTTCAAGCATTTGTAACGTGAAACTGCGAATGGCTCATTACAACAGTTATAGTTTACTTGATAAACCTTCTACAGGGATAACCGTAGTAATTCTAGAGCTAATACTTGCACCTAGCATTTATTGGATTTTACCAGTCCGGCTTGCCGGTTTCGGGTGAGTCACAACAAACAAGCATATCGCCAGTCGATAAATCATTCAAGTTTCTGCCCTATCAGCTGTAGATGGTAGAGTATTGGCCTACCATGGCATTCACGGGTAACGGGGAATTAGGGTTCTATTCCGGAGAGGGAGCCTGAGAGACGGCTACCACATCCAAGGAAGGCAGCAGGCGCGCAAATTACCCAATCCTGACACGGGGAGGTAGTGACAAGGAATAACAATACGGAACCTCATGGTTTTGTAATTGGAATGAGAACAATCTAAAAACATTAGCGAGGATCGATTGGAGGGCAAGTCTGGTGCCAGCAGCCGCGGTAATTCCAGCTCCAATAGCGTATATTAAAGTTGTTGCAGTTAAAAAGCTCGTAGTTGAAGTTCGGGAGAATGGAACCGGACCACGGGACCGCCTCCCAAATTCGCAAACACGACTCCACGTATTAATTTGCGTGTTGCTCGGGTTGCGTCGTTTACTGTGAACAAATTAGGGTGTTTAAAGCAGTCTTACGTTTGAATACACTAGCATGGAATAATAAGATACGACCTTGGTCGAGTTTTATTGGTGACCACCAGGGTAATGATTGATAGGAACTGTTGTGGGTATTCGTATGAGCATGTCAGAGGTGAAATTCTTGGATTTTGATCAAACGAACTACTGCGAAAGCATTTACCAGGGATGTTTTCATTAATCAAGAACGAAAGTTAGGGGATCGAAGATGATTAGATACCATCGTAGTCTTAACCATAAACTATGCCGACTAGGGATTGGTGAACGTATTAAGACGTCATCAGTACCTCGTGAGAAATCAAAGTCTTTGGGTTCTGGGGGGAGTATGGTCGCAAGGCTGAAACTTAAAGGAATTGACGGAAGGGCACCACCAGGAGTGGAGCCTGCGGCTTAATTTGACTCAACACGGGAAAACTTACCAGGTCCAGACATAAGTAGGATTGACAGATTGAGAGCTCTTTCATGATTGTATGGGTGGTGGTGCATGGCCGTTCTTAGTTGGTGGAGTGATTTGTCTGGTTAATTCCGTTAACGAACGAGACCTCAGCCTACTAAATAGACCGAGCATTGTTACAATGCGACGGACTTCTTAGAGGGACTTTCTGGTTCTACCGGAAGGAAGTTTGAGGCAATAACAGGTCTGTGATGCCCTTAGATGTTCTGGGCCGCACGCGCGCTACAATGGCAGACTCAGCGAGTTACCTCTGTCGAAAGGCACAGGGAATCTTTACAGTATCTGCCGTGATGGGGATAGACCCTTGTAATTTTTGGTCTTCAACGAGGAATTCCTAGTAAACGCAAGTCATTAACTTGCATTGATTACGTCCCTGCCCTTTGTACACACCGCCCGTCGCACCTACCGATTGAATGGTCCGGTGAAGTCCTCGGACCCAGTTTAACCTCGAGTTGGACAGGGAAAGTCGACTAAATCTTACCATTTAGAGGAAGGTGAAGTCGTAACAAGGTTTCC",95
"29","asv_040","Eukaryota","Stramenopiles","Sagenista","Labyrinthulomycetes","Labyrinthulida","Labyrinthulaceae","Labyrinthula","Labyrinthula_sp.",100,100,100,100,100,100,100,100,21,17,56,0,"AGTCATACGCTTGTCTCAAAGATTAAGCCATGCATGTGTAAGTTCAAGCATTTGTAACGTGAAACTGCGAATGGCTCATTACAACAGTTATAGTTTACTTGATAAACCTTCTACAGGGATAACCGTAGTAATTCTAGAGCTAATACTTGCACCTAGCATTTATTGGATTTTACCAGTCCGGCTTGCCGGTTTCGGGTGAGTCACAACAAACAAGCATATCGCCAGTCGATAAATCATTCAAGTTTCTGCCCTATCAGCTGTAGATGGTAGAGTATTGGCCTACCATGGCATTCACGGGTAACGGGGAATTAGGGTTCTATTCCGGAGAGGGAGCCTGAGAGACGGCTACCACATCCAAGGAAGGCAGCAGGCGCGCAAATTACCCAATCCTGACACGGGGAGGTAGTGACAAGGAATAACAATACGGAACCTCATGGTTTTGTAATTGGAATGAGAACAATCTAAAAACATTAGCGAGGATCGATTGGAGGGCAAGTCTGGTGCCAGCAGCCGCGGTAATTCCAGCTCCAATAGCGTATATTAAAGTTGTTGCAGTTAAAAAGCTCGTAGTTGAAGTTCGGGAGAATGGAACCGGACCACGGGACAGCCTCCCAAATTCGCAAACACGACTCCACGTATTAATTTGCGTGTTGCTCGGGTTGCGTCGTTTACTGTGAACAAATTAGGGTGTTTAAAGCAGTCTTACGTTTGAATACACTAGCTTGGAATAATAAGATACGACCTTGGTCGAGTTTTATTGGTGACCACCAGGGTAATGATTGATAGGAACTGTTGTGGGTATTCGTATGAGCATGTCAGAGGTGAAATTCTTGGATTTTGATCAGACGAACTACTGCGAAAGCATTTACCAGGGATGTTTTCATTAATCAAGAACGAAAGTTAGGGGATCGAAGATGATTAGATACCATCGTAGTCTTAACCATAAACTATGCCGACTAGGGATTGGTGAACGTATTAAGACGTCATCAGTACCTCGTGAGAAATCAAAGTCTTTGGGTTCTGGGGGGAGTATGGTCGCAAGGCTGAAACTTAAAGGAATTGACGGAAGGGCACCACCAGGAGTGGAGCCTGCGGCTTAATTTGACTCAACACGGGAAAACTTACCAGGTCCAGACATAAGTAGGATTGACAGATTGAGAGCTCTTTCATGATTGTATGGGTGGTGGTGCATGGCCGTTCTTAGTTGGTGGAGTGATTTGTCTGGTTAATTCCGTTAACGAACGAGACCTCAGCCTACTAAATAGACCGAGCATTGTTACAATGCGACGGACTTCTTAGAGGGACTTTCTGGTTCTACCGGAAGGAAGTTTGAGGCAATAACAGGTCTGTGATGCCCTTAGATGTTCTGGGCCGCACGCGCGCTACAATGGCAGACTCAGCGAGTTACCTCTGTCGAAAGGCACAGGGAATCTTTACAGTATCTGCCGTGATGGGGATAGACCCTTGTAATTTTTGGTCTTCAACGAGGAATTCCTAGTAAACGCAAGTCATTAACTTGCATTGATTACGTCCCTGCCCTTTGTACACACCGCCCGTCGCACCTACCGATTGAATGGTCCGGTGAAGTCCTCGGACCCAGTTTAACCTCGAGTTGGACAGGGAAAGTCGACTAAATCTTACCATTTAGAGGAAGGTGAAGTCGTAACAAGGTTTCC",94
"30","asv_041","Eukaryota","Stramenopiles","Sagenista","Labyrinthulomycetes","Labyrinthulida","Labyrinthulaceae","Labyrinthula","Labyrinthula_sp.",100,100,100,100,100,100,100,100,0,0,76,16,"AGTCATACGCTTGTCTCAAAGATTAAGCCATGCATGTGTAAGTTCAAGCATTTGTAACGTGAAACTGCGAATGGCTCATTACAACAGTTATAGTTTACTTGATAAACCTTCTACAGGGATAACCGTAGTAATTCTAGAGCTAATACTTGCACCTAGCATTTATTGGATTTTACCAGTCCGGCTTGCCGGTTTCGGGTGAGTCACAACAAACAAGCATATCGCCAGTCGATAAATCATTCAAGTTTCTGCCCTATCAGCTGTAGATGGTAGAGTATTGGCCTACCATGGCATTCACGGGTAACGGGGAATTAGGGTTCTATTCCGGAGAGGGAGCCTGAGAGACGGCTACCACATCCAAGGAAGGCAGCAGGCGCGCAAATTACCCAATCCTGACACGGGGAGGTAGTGACAAGGAATAACAATACGGAACCTCATGGTTTTGTAATTGGAATGAGAACAATCTAAAAACATTAGCGAGGATCGATTGGAGGGCAAGTCTGGTGCCAGCAGCCGCGGTAATTCCAGCTCCAATAGCGTATATTAAAGTTGTTGCAGTTAAAAAGCTCGTAGTTGAAGTTCGGGAGAATGGAACCGGACCACGGGACCGCCTCCCAAATTCGCAAACACGACTCCACGTATTAATTTGCGTGTTGCTCGGGTTGCGTCGTTTACTGTGAACAAATTAGGGTGTTTAAAGCAGTCTTACGTTTGAATACACTAGCATGGAATGATAAGATACGACCTTGGTCGAGTTTTATTGGTGACCACCAGGGTAATGATTGATAGGAACTGTTGTGGGTATTCGTATGAGCATGTCAGAGGTGAAATTCTTGGATTTTGATCAGACGAACTACTGCGAAAGCATTTACCAGGGATGTTTTCATTAATCAAGAACGAAAGTTAGGGGATCGAAGATGATTAGATACCATCGTAGTCTTAACCATAAACTATGCCGACTAGGGATTGGTGAACGTATTAAGACGTCATCAGTACCTCGTGAGAAATCAAAGTCTTTGGGTTCTGGGGGGAGTATGGTCGCAAGGCTGAAACTTAAAGGAATTGACGGAAGGGCACCACCAGGAGTGGAGCCTGCGGCTTAATTTGACTCAACACGGGAAAACTTACCAGGTCCAGACATAAGTAGGATTGACAGATTGAGAGCTCTTTCATGATTGTATGGGTGGTGGTGCATGGCCGTTCTTAGTTGGTGGAGTGATTTGTCTGGTTAATTCCGTTAACGAACGAGACCTCAGCCTACTAAATAGACCGAGCATTGTTACAATGCGACGGACTTCTTAGAGGGACTTTCTGGTTCTACCGGAAGGAAGTTTGAGGCAATAACAGGTCTGTGATGCCCTTAGATGTTCTGGGCCGCACGCGCGCTACAATGGCAGACTCAGCGAGTTACCTCTGTCGAAAGGCACAGGGAATCTTTACAGTATCTGCCGTGATGGGGATAGACCCTTGTAATTTTTGGTCTTCAACGAGGAATTCCTAGTAAACGCAAGTCATTAACTTGCATTGATTACGTCCCTGCCCTTTGTACACACCGCCCGTCGCACCTACCGATTGAATGGTCCGGTGAAGTCCTCGGACCCAGTTTAACCTCGAGTTGGACAGGGAAAGTCGACTAAATCTTACCATTTAGAGGAAGGTGAAGTCGTAACAAGGTTTCC",92
"31","asv_042","Eukaryota","Stramenopiles","Sagenista","Labyrinthulomycetes","Labyrinthulida","Labyrinthulaceae","Labyrinthula","Labyrinthula_sp.",100,100,100,100,100,100,100,100,0,23,49,18,"AGTCATACGCTTGTCTCAAAGATTAAGCCATGCATGTGTAAGTTCAAGCATTTGTAACGTGAAACTGCGAATGGCTCATTACAACAGTTATAGTTTACTTGATAAACCTTCTACAGGGATAACCGTAGTAATTCTAGAGCTAATACTTGCACCTAGCATTTATTGGATTTTACCAGTCCGGCTTGCCGGTTTCGGGTGAGTCACAACAAACAAGCATATCGCCAGTCGATAAATCATTCAAGTTTCTGCCCTATCAGCTGTAGATGGTAGAGTATTGGCCTACCATGGCATTCACGGGTAACGGGGAATTAGGGTTCTATTCCGGAGAGGGAGCCTGAGAGACGGCTACCACATCCAAGGAAGGCAGCAGGCGCGCAAATTACCCAATCCTGACACGGGGAGGTAGTGACAAGGAATAACAATACGGAACCTCATGGTTTTGTAATTGGAATGAGAACAATCTAAAAACATTAGCGAGGATCGATTGGAGGGCAAGTCTGGTGCCAGCAGCCGCGGTAATTCCAGCTCCAATAGCGTATATTAAAGTTGTTGCAGTTAAAAAGCTCGTAGTTGAAGTTCGGGAGAATGGAACCGGACCACGGGACCGCCTCCCAAATTCGCAAACACGACTCCACGTATTAATTTGCGTGTTGCTCGGGTTGCGTCGTTTACTGTGAGCAAATTAGGGTGTTTAAAGCAGTCTTACGTTTGAATACACTAGCATGGAATAATAAGATACGACCTTGGTCGAGTTTTATTGGTGACCACCAGGGTAATGATTGATAGGAACTGTTGTGGGTATTCGTATGAGCATGTCAGAGGTGAAATTCTTGGATTTTGATCAGACGAACTACTGCGAAAGCATTTACCAGGGATGTTTTCATTAATCAAGAACGAAAGTTAGGGGATCGAAGATGATTAGATACCAACGTAGTCTTAACCATAAACTATGCCGACTAGGGATTGGTGAACGTATTAAGACGTCATCAGTACCTCGTGAGAAATCAAAGTCTTTGGGTTCTGGGGGGAGTATGGTCGCAAGGCTGAAACTTAAAGGAATTGACGGAAGGGCACCACCAGGAGTGGAGCCTGCGGCTTAATTTGACTCAACACGGGAAAACTTACCAGGTCCAGACATAAGTAGGATTGACAGATTGAGAGCTCTTTCATGATTGTATGGGTGGTGGTGCATGGCCGTTCTTAGTTGGTGGAGTGATTTGTCTGGTTAATTCCGTTAACGAACGAGACCTCAGCCTACTAAATAGACCGAGCATTGTTACAATGCGACGGACTTCTTAGAGGGACTTTCTGGTTCTACCGGAAGGAAGTTTGAGGCAATAACAGGTCTGTGATGCCCTTAGATGTTCTGGGCCGCACGCGCGCTACAATGGCAGACTCAGCGAGTTACCTCTGTCGAAAGGCACAGGGAATCTTTACAGTATCTGCCGTGATGGGGATAGACCCTTGTAATTTTTGGTCTTCAACGAGGAATTCCTAGTAAACGCAAGTCATTAACTTGCATTGATTACGTCCCTGCCCTTTGTACACACCGCCCGTCGCACCTACCGATTGAATGGTCCGGTGAAGTCCTCGGACCCAGTTTAACCTCGAGTTGGACAGGGAAAGTCGACTAAATCTTACCATTTAGAGGAAGGTGAAGTCGTAACAAGGTTTCC",90
"32","asv_043","Eukaryota","Stramenopiles","Sagenista","Labyrinthulomycetes","Labyrinthulida","Labyrinthulaceae","Labyrinthula","Labyrinthula_sp.",100,100,100,100,100,100,100,100,0,18,49,23,"AGTCATACGCTTGTCTCAAAGATTAAGCCATGCATGTGTAAGTTCAAGCATTTGTAACGTAAAACTGCGAATGGCTCATTACAACAGTTATAGTTTACTTGATAAACCTTCTACAGGGATAACCGTAGTAATTCTAGAGCTAATACTTGCACCTAGCATTTATTGGATTTTACCAGTCCGGCTTGCCGGTTTCGGGTGAGTCACAACAAACAAGCATATCGCCAGTCGATAAATCATTCAAGTTTCTGCCCTATCAGCTGTAGATGGTAGAGTATTGGCCTACCATGGCATTCACGGGTAACGGGGAATTAGGGTTCTATTCCGGAGAGGGAGCCTGAGAGACGGCTACCACATCCAAGGAAGGCAGCAGGCGCGCAAATTACCCAATCCTGACACGGGGAGGTAGTGACAAGGAATAACAATACGGAACCTCATGGTTTTGTAATTGGAATGAGAACAATCTAAAAACATTAGCGAGGATCGATTGGAGGGCAAGTCTGGTGCCAGCAGCCGCGGTAATTCCAGCTCCAATAGCGTATATTAAAGTTGTTGCAGTTAAAAAGCTCGTAGTTGAAGTTCGGGAGAATGGAACCGGACCACGGGACCGCCTCCCAAATTCGCAAACACGACTCCACGTATTAATTTGCGTGTTGCTCGGGTTGCGTCGTTTACTGTGAACAAATTAGGGTGTTTAAAGCAGTCTTACGTTTGAATACACTAGCATGGAATAATAAGATACGACCTTGGTCGAGTTTTATTGGTGACCACCAGGGTAATGATTGATAGGAACTGTTGTGGGTATTCGTATGAGCATGTCAGAGGTGAAATTCTTGGATTTTGATCAGACGAACTACTGCGAAAGCATTTACCAGGGATGTTTTCATTAATCAAGAACGAAAGTTAGGGGATCGAAGATGATTAGATACCATCGTAGTCTTAACCATAAACTATGCCGACTAGGGATTGGTGAACGTATTAAGACGTCATCAGTACCTCGTGAGAAATCAAAGTCTTTGGGTTCTGGGGGGAGTATGGTCGCAAGGCTGAAACTTAAAGGAATTGACGGAAGGGCACCACCAGGAGTGGAGCCTGCGGCTTAATTTGACTCAACACGGGAAAACTTACCAGGTCCAGACATAAGTAGGATTGACAGATTGAGAGCTCTTTCATGATTGTATGGGTGGTGGTGCATGGCCGTTCTTAGTTGGTGGAGTGATTTGTCTGGTTAATTCCGTTAACGAACGAGACCTCAGCCTACTAAATAGACCGAGCATTGTTACAATGCGACGGACTTCTTAGAGGGACTTTCTGGTTCTACCGGAAGGAAGTTTGAGGCAATAACAGGTCTGTGATGCCCTTAGATGTTCTGGGCCGCACGCGCGCTACAATGGCAGACTCAGCGAGTTACCTCTGTCGAAAGGCACAGGGAATCTTTACAGTATCTGCCGTGATGGGGATAGACCCTTGTAATTTTTGGTCTTCAACGAGGAATTCCTAGTAAACGCAAGTCATTAACTTGCATTGATTACGTCCCTGCCCTTTGTACACACCGCCCGTCGCACCTACCGATTGAATGGTCCGGTGAAGTCCTCGGACCCAGTTTAACCTCGAGTTGGACAGGGAAAGTCGACTAAATCTTACCATTTAGAGGAAGGTGAAGTCGTAACAAGGTTTCC",90
"33","asv_046","Eukaryota","Stramenopiles","Sagenista","Labyrinthulomycetes","Labyrinthulida","Labyrinthulaceae","Labyrinthula","Labyrinthula_sp.",100,100,100,100,100,100,100,100,16,0,51,18,"AGTCATACGCTTGTCTCAAAGATTAAGCCATGCATGTGTAAGTTCAAGCATTTGTAACGTGAAACTGCGAATGGCTCATTACAACAGTTATAGTTTACTTGATAAACCTTCTACAGGGATAACCGTAGTAATTCTAGAGCTAATACTTGCACCTAGCATTTATTGGATTTTACCAGTCCGGCTTGCCGGTTTCGGGTGAGTCACAACAAACAAGCATATCGCCAGTCGATAAATCATTCAAGTTTCTGCCCTATCAGCTGTAGATGGTAGAGTATTGGCCTACCATGGCATTCACGGGTAACGGGGAATTAGGGTTCTATTCCGGAGAGGGAGCCTGAGAGACGGCTACCACATCCAAGGAAGGCAGCAGGCGCGCAAATTACCCAATCCTGACACGGGGAGGTAGTGACAAGGAATAACAATACGGAACCTCATGGTTTTGTAATTGGAATGAGAACAATCTAAAAACATTAGCGAGGATCGATTGGAGGGCAAGTCTGGTGCCAGCAGCCGCGGTAATTCCAGCTCCAATAGCGTATATTAAAGTTGTTGCAGTTAAAAAGCTCGTAGTTGAAGTTCGGGAGAATGGAACCGGACCACGGGACCGCCTCCCAAATTCGCAAACACGACTCCACGTATTAATTTGCGTGTTGCTCGGGTTGCGTCGTTTACTGTGAACAAATTAGGGTGTTTAAAGCAGTCTTACGTTTGAATACACTAGCATGGAATAATAAGATACGACCTTGGTCGAGTTTTATTGGTGACCACCAGGGTAATGATTGATAGGAACTGTTGTGGGTATTCGTATGAGCATGTCAGAGGTGAAATTCTTGGATTTTGATCAGACGAACTACTGCGAAAGCATTTACCAGGGATGTTTTCATTAATCAAGAACGAAAGTTAGGGGATCGAAGATGATTAGATACCATCGTAGTCTTAACCATAAACTATGCCGACTAGGGATTGGTGAACGTATTAAGACGTCATCAGTACCTCGTGAGAAATCAAAGTCTTTGGGTTCTGGGGGGAGTATGGTCGCAAGGCTGAAACTTAAAGGAATTGACGGAAGGGCACCACCAGGAGTGGAGCCTGCGGCTTAATTTGACTCAACACGGGAAAACCTACCAGGTCCAGACATAAGTAGGATTGACAGATTGAGAGCTCTTTCATGATTGTATGGGTGGTGGTGCATGGCCGTTCTTAGTTGGTGGAGTGATTTGTCTGGTTAATTCCGTTAACGAACGAGACCTCAGCCTACTAAATAGACCGAGCATTGTTACAATGCGACGGACTTCTTAGAGGGACTTTCTGGTTCTACCGGAAGGAAGTTTGAGGCAATAACAGGTCTGTGATGCCCTTAGATGTTCTGGGCCGCACGCGCGCTACAATGGCAGACTCAGCGAGTTACCTCTGTCGAAAGGCACAGGGAAGCTTTACAGTATCTGCCGTGATGGGGATAGACCCTTGTAATTTTTGGTCTTCAACGAGGAATTCCTAGTAAACGCAAGTCATTAACTTGCATTGATTACGTCCCTGCCCTTTGTACACACCGCCCGTCGCACCTACCGATTGAATGGTCCGGTGAAGTCCTCGGACCCAGTTTAACCTCGAGTTGGACAGGGAAAGTCGACTAAATCTTACCATTTAGAGGAAGGTGAAGTCGTAACAAGGTTTCC",85
"34","asv_049","Eukaryota","Stramenopiles","Sagenista","Labyrinthulomycetes","Labyrinthulida","Labyrinthulaceae","Labyrinthula","Labyrinthula_sp.",100,100,100,100,100,100,100,100,0,0,76,0,"AGTCATACGCTTGTCTCAAAGATTAAGCCATGCATGTGTAAGTTCAAGCATTTGTAACGTGAAACTGCGAATGGCTCATTACAACAGTTATAGTTTACTTGATAAACCTTCTACAGGGATAACCGTAGTAATTCTAGAGCTAATACTTGCACCTAGCATTTATTGGATTTTACCAGTCCGGCTTGCCGGTTTCGGGTGAGTCACAACAAACAAGCATATCGCCAGTCGATAAATCATTCAAGTTTCTGCCCTATCAGCTGTAGATGGTAGAGTATTGGCCTACCATGGCATTCACGGGTAACGGGGAATTAGGGTTCTATTCCGGAGAGGGAGCCTGAGAGACGGCTACCACATCCAAGGAAGGCAGCAGGCGCGCAAATTACCCAATCCTGACACGGGGAGGTAGTGACAAGGAATAACAATACGGAACCTCATGGTTTTGTAATTGGAATGAGAACAATCTAAAAACATTAGCGAGGATCGATTGGAGGGCAAGTCTGGTGCCAGCAGCCGCGGTAATTCCAGCTCCAATAGCGTATATTAAAGTTGTTGCAGTTAAAAAGCTCGTAGTTGAAGTTCGGGAGAATGGAACCGGACCACGGGACCGCCTCCCAAATTCGCAAACACGACTCCACGTATTAATTTGCGTGTTGCTCGGGTTTCGTCGTTTACTGTGAACAAATTAGGGTGTTTAAAGCAGTCTTACGTTTGAATACACTAGCATGGAATAATAAGATACGACCTTGGTCGAGTTTTATTGGTGACCACCAGGGTAATGATTGATAGGAACTGTTGTGGGTATTCGTATGAGCATGTCAGAGGTGAAATTCTTGGATTTTGATCAGACGAACTACTGCGAAAGCATTTACCAGGGATGTTTTCATTAATCAAGAACGAAAGTTAGGGGATCGAAGATGATTAGATACCATCGTAGTCTTAACCATAAACTATGCCGACTAGGGATTGGTGAACGTATTAAGACGTCATCAGTACCTCGTGAGAAATCAAAGTCTTTGGGTTCTGGGGGGAGTATGGTCGCAAGGCTGAAACTTAAAGGAATTGACGGAAGGGCACCACCAGGAGTGGAGCCTGCGGCTTAATTTGACTCAACACGGGAAAACTTACCAGGTCCAGACATAAGTAGGATTGACAGATTGAGAGCTCTTTCATGATTGTATGGGTGGTGGTGCATGGCCGTTCTTAGTTGGTGGAGTGATTTGTCTGGTTAATTCCGTTAACGAACGAGACCTCAGCCTACTAAATAGACCGAGCATTGTTACAATGCGACGGACTTCTTAGAGGGACTTTCTGGTTCTACCGGAAGGAAGTTTGAGGCAATAACAGGTCTGTGATGCCCTTAGATGTTCTGGGCCGCACGCGCGCTACAATGGCAGACTCAGCGAGTTACCTCTGTCGAAAGGCACAGGGAATCTTTACAGTATCTGCCGTGATGGGGATAGACCCTTGTAATTTTTGGTCTTCAACGAGGAATTCCTAGTAAACGCAAGTCATTAACTTGCATTGATTACGTCCCTGCCCTTTGTACACACCGCCCGTCGCACCTACCGATTGAATGGTCCGGTGAAGTCCTCGGACCCAGTTTAACCTCGAGTTGGACAGGGAAAGTCGACTAAATCTTACCATTTAGAGGAAGGTGAAGTCGTAACAAGGTTTCC",76
"35","asv_051","Eukaryota","Stramenopiles","Sagenista","Labyrinthulomycetes","Labyrinthulida","Labyrinthulaceae","Labyrinthula","Labyrinthula_sp.",100,100,100,100,100,100,100,100,13,19,40,0,"AGTCATACGCTTGTCTCAAAGATTAAGCCATGCATGTGTAAGTTCAAGTATTTGTAACGTGAAACTGCGAATGGCTCATTACAACAGTTATAGTTTACTTGATAAACCTTCTACAGGGATAACCGTAGTAATTCTAGAGCTAATACTTGCACCTAGCATTTATTGGATTTTACCAGTCCGGCTTGCCGGTTTCGGGTGAGTCACAACAAACAAGCATATCGCCAGTCGATAAATCATTCAAGTTTCTGCCCTATCAGCTGTAGATGGTAGAGTATTGGCCTACCATGGCATTCACGGGTAACGGGGAATTAGGGTTCTATTCCGGAGAGGGAGCCTGAGAGACGGCTACCACATCCAAGGAAGGCAGCAGGCGCGCAAATTACCCAATCCTGACACGGGGAGGTAGTGACAAGGAATAACAATACGGAACCTCATGGTTTTGTAATTGGAATGAGAACAATCTAAAAACATTAGCGAGGATCGATTGGAGGGCAAGTCTGGTGCCAGCAGCCGCGGTAATTCCAGCTCCAATAGCGTATATTAAAGTTGTTGCAGTTAAAAAGCTCGTAGTTGAAGTTCGGGAGAATGGAACCGGACCACGGGACCGCCTCCCAAATTCGCAAACACGACTCCACGTATTAATTTGCGTGTTGCTCGGGTTGCGTCGTTTACTGTGAACAAATTAGGGTGTTTAAAGCAGTCTTACGTTTGAATACACTAGCATGGAATAATAAGATACGACCTTGGTCGAGTTTTATTGGTGACCACCAGGGTAATGATTGATAGGAACTGTTGTGGGTATTCGTATGAGCATGTCAGAGGTGAAATTCTTGGATTTTGATCAGACGAACTACTGCGAAAGCATTTACCAGGGATGTTTTCATTAATCAAGAACGAAAGTTAGGGGATCGAAGATGATTAGATACCATCGTAGTCTTAACCATAAACTATGCCGACTAGGGATTGGTGAACGTATTAAGACGTCATCAGTACCTCGTGAGAAATCAAAGTCTTTGGGTTCTGGGGGGAGTATGGTCGCAAGGCTGAAACTTAAAGGAATTGACGGAAGGGCACCACCAGGAGTGGAGCCTGCGGCTTAATTTGACTCAACACGGGAAAACTTACCAGGTCCAGACATAAGTAGGATTGACAGATTGAGAGCTCTTTCATGATTGTATGGGTGGTGGTGCATGGCCGTTCTTAGTTGGTGGAGTGATTTGTCTGGTTAATTCCGTTAACGAACGAGACCTCAGCCTACTAAATAGACCGAGCATTGTTACAATGCGACGGACTTCTTAGAGGGACTTTCTGGTTCTACCGGAAGGAAGTTTGAGGCAATAACAGGTCTGTGATGCCCTTAGATGTTCTGGGCCGCACGCGCGCTACAATGGCAGACTCAGCGAGTTACCTCTGTCGAAAGGCACAGGGAATCTTTACAGTATCTGCCGTGATGGGGATAGACCCTTGTAATTTTTGGTCTTCAACGAGGAATTCCTAGTAAACGCAAGTCATTAACTTGCATTGATTACGTCCCTGCCCTTTGTACACACCGCCCGTCGCACCTACCGATTGAATGGTCCGGTGAAGTCCTCGGACCAAGTTTAACCTCGAGTTGGACAGGGAAAGTCGACTAAATCTTACCATTTAGAGGAAGGTGAAGTCGTAACAAGGTTTCC",72
"36","asv_052","Eukaryota","Stramenopiles","Sagenista","Labyrinthulomycetes","Labyrinthulida","Labyrinthulaceae","Labyrinthula","Labyrinthula_sp.",100,100,100,100,100,100,100,100,0,29,39,0,"AGTCATACGCTTGTCTCAAAGATTAAGCCATGCATGTGTAAGTTCAAGCATTTGTAACGTGAAACTGCGAATGGCTCATTACAACAGTTATAGTTTACTTGATAAACCTTCTACAGGGATAACCGTAGTAATTCTAGAGCTAATACTTGCACCTAGCATTTATTGGATTTTACCAGTCCGGCTTGCCGGTTTCGGGTGAGTCACAACAAACAAGCATATCGCCAGTCGATAAATCATTCAAGTTTCTGCCCTATCAGCTGTAGATGGTAGAGTATTGGCCTACCATGGCATTCACGGGTAACGGGGAATTAGGGTTCTATTCCGGAGAGGGAGCCTGAGAGACGGCTACCACATCCAAGGAAGGCAGCAGGCGCGCAAATTACCCAATCCTGACACGGGGAGGTAGTGACAAGGAATAACAATACGGAACCTCATGGTTTTGTAATTGGAATGAGAACAATCTAAAAACATTAGCGAGGATCGATTGGAGGGCAAGTCTGGTGCCAGCAGCCGCGGTAATTCCAGCTCCAATAGCGTATATTAAAGTTGTTGCAGTTAAAAAGCTCGTAGTTGAAGTTCGGGAGAATGGAACCGGACCACGGGACCGCCTCCCAAATTCGCAAACACGACTCCACGTATTAATTTGCGTGTTGCTCGGGTTGCGTCGTTTACTGTGAACAAATTAGGGTGTTTAAAGCAGTCTTACGTTTGAATACACTAGCATGGAATAATAAGATACGACCTTGGTCGGGTTTTATTGGTGACCACCAGGGTAATGATTGATAGGAACTGTTGTGGGTATTCGTATGAGCATGTCAGAGGTGAAATTCTTGGATTTTGATCAGACGAACTACTGCGAAAGCATTTACCAGGGATGTTTTCATTAATCAAGAACGAAAGTTAGGGGATCGAAGATGATTAGATACCATCGTAGTCTTAACCATAAACTATGCCGACTAGGGATTGGTGAACGTATTAAGACGTCATCAGTACCTCGTGAGAAATCAAAGTCTTTGGGTTCTGGGGGGAGTATGGTCGCAAGGCTGAAACTTAAAGGAATTGACGGAAGGGCACCACCAGGAGTGGAGCCTGCGGCTTAATTTGACTCAACACGGGAAAACTTACCAGGTCCAGACATAAGTAGGATTGACAGATTGAGAGCTCTTTCATGATTGTATGGGTGGTGGTGCATGGCCGTTCTTAGTTGGTGGAGTGATTTGTCTGGTTAATTCCGTTAACGAACGAGACCTCAGCCTACTAAATAGACCGAGCATTGTTACAATGCGACGGACTTCTTAGAGGGACTTTCTGGTTCTACCGGAAGGAAGTTTGAGGCAATAACAGGTCTGTGATGCCCTTAGATGTTCTGGGCCGCACGCGCGCTACAATGGCAGACTCAGCGAGTTACCTCTGTCGAAAGGCACAGGGAATCTTTACAGTATCTGCCGTGATGGGGATAGACCCTTGTAATTTTTGGTCTTCAACGAGGAATTCCTAGTAAACGCAAGTCATTAACTTGCATTGATTACGTCCCTGCCCTTTGTACACACCGCCCGTCGCACCTACCGATTGAATGGTCCGGTGAAGTCCTCGGACCCAGTTTAACCTCGAGTTGGACAGGGAAAGTCGACTAAATCTTACCATTTAGAGGAAGGTGAAGTCGTAACAAGGTTTCC",68
"37","asv_054","Eukaryota","Stramenopiles","Sagenista","Labyrinthulomycetes","Labyrinthulida","Labyrinthulaceae","Labyrinthula","Labyrinthula_sp.",100,100,100,100,100,100,100,100,0,13,37,14,"AGTCATACGCTTGTCTCAAAGATTAAGCCATGCATGTGTAAGTTCAAGCATTTGTAACGTGAAACTGCGAATGGCTCATTACAACAGTTATAGTTTACTTGATAAACCTTCTACAGGGATAACCGTAGTAATTCTAGAGCTAATACTTGCACCTAGCATTTATTGGATTTTACCAGTCCGGCTTGCCGGTTTCGGGTGAGTCACAACAAACAAGCATATCGCCAGCCGATAAATCATTCAAGTTTCTGCCCTATCAGCTGTAGATGGTAGAGTATTGGCCTACCATGGCATTCACGGGTAACGGGGAATTAGGGTTCTATTCCGGAGAGGGAGCCTGAGAGACGGCTACCACATCCAAGGAAGGCAGCAGGCGCGCAAATTACCCAATCCTGACACGGGGAGGTAGTGACAAGGAATAACAATACGGAACCTCATGGTTTTGTAATTGGAATGAGAACAATCTAAAAACATTAGCGAGGATCGATTGGAGGGCAAGTCTGGTGCCAGCAGCCGCGGTAATTCCAGCTCCAATAGCGTATATTAAAGTTGTTGCAGTTAAAAAGCTCGTAGTTGAAGTTCGGGAGAATGGAACCGGACCACGGGACCGCCTCCCAAATTCGCAAACACGACTCCACGTATTAATTTGCGTGTTGCTCGGGTTGCGTCGTTTACTGTGAACAAATTAGGGTGTTTAAAGCAGTCTTACGTTTGAATACACTAGCATGGAATAATAAGATACGACCTTGGTCGAGTTTTATTGGTGACCACCAGGGTAATGATTGATAGGAACTGTTGCGGGTATTCGTATGAGCATGTCAGAGGTGAAATTCTTGGATTTTGATCAGACGAACTACTGCGAAAGCATTTACCAGGGATGTTTTCATTAATCAAGAACGAAAGTTAGGGGATCGAAGATGATTAGATACCATCGTAGTCTTAACCATAAACTATGCCGACTAGGGATTGGTGAACGTATTAAGACGTCATCAGTACCTCGTGAGAAATCAAAGTCTTTGGGTTCTGGGGGGAGTATGGTCGCAAGGCTGAAACTTAAAGGAATTGACGGAAGGGCACCACCAGGAGTGGAGCCTGCGGCTTAATTTGACTCAACACGGGAAAACTTACCAGGTCCAGACATAAGTAGGATTGACAGATTGAGAGCTCTTTCATGATTGTATGGGTGGTGGTGCATGGCCGTTCTTAGTTGGTGGAGTGATTTGTCTGGTTAATTCCGTTAACGAACGAGACCTCAGCCTACTAAATAGACCGAGCATTGTTACAATGCGACGGACTTCTTAGAGGGACTTTCTGGTTCTACCGGAAGGAAGTTTGAGGCAATAACAGGTCTGTGATGCCCTTAGATGTTCTGGGCCGCACGCGCGCTACAATGGCAGACTCAGCGAGTTACCTCTGTCGAAAGGCACAGGGAATCTTTACAGTATCTGCCGTGATGGGGATAGACCCTTGTAATTTTTGGTCTTCAACGAGGAATTCCTAGTAAACGCAAGTCATTAACTTGCATTGATTACGTCCCTGCCCTTTGTACACACCGCCCGTCGCACCTACCGATTGAATGGTCCGGTGAAGTCCTCGGACCCAGTTTAACCTCGAGTTGGACAGGGAAAGTCGACTAAATCTTACCATTTAGAGGAAGGTGAAGTCGTAACAAGGTTTCC",64
"38","asv_056","Eukaryota","Stramenopiles","Sagenista","Labyrinthulomycetes","Labyrinthulida","Labyrinthulaceae","Labyrinthula","Labyrinthula_sp.",100,100,100,100,100,100,100,100,28,0,30,0,"AGTCATACGCTTGTCTCAAAGATTAAGCCATGCATGTGTAAGTTCAAGCATTTGTAACGTGAAACTGCGAATGGCTCATTACAACAGTTATAGTTTACTTGATAAACCTTCTACAGGGATAACCGTAGTAATTCTAGAGCTAATACTTGCACCTAGCATTTATTGGATTTTACCAGTCCGGCTTGCCGGTTTCGGGTGAGTCACAACAAACAAGCATATCGCCAGTCGATAAATCATTCAAGTTTCTGCCCTATCAGCTGTAGATGGTAGAGTATTGGCCTACCATGGCATTCACGGGTAACGGGGAATTAGGGTTCTATTCCGGAGAGGGAGCCTGAGAGACGGCTACCACATCCAAGGAAGGCAGCAGGCGCGCAAATTACCCAATCCTGACACGGGGAGGTAGTGACAAGGAATAACAATACGGAACCTCATGGTTTTGTAATTGGAATGAGAACAATCTAAAAACATTAGCGAGGATCGATTGGAGGGCAAGTCTGGTGCCAGCAGCCGCGGTAATTCCAGCTCCAATAGCGTATATTAAAGTTGTTGCAGTTAAAAAGCTCGTAGTTGAAGTTCGGGAGAATGGAACCGGACCACGGGACCGCCTCCCAAATTCGCAAACACGACTCCACGTATTAATTTGCGTGTTGCTCGGGTTGCGTCGTTTACTGTGAACAAATTAGGGTGTTTAAAGCAGTCTTACGTTTGAATACACTAGCATGGAATAATAAGATACGACCTTGGTCGAGTTTTATTGGTGACCACCAGGGTAATGATTGATAGGAACTGTTGTGGGTATTCGTATGAGCATGTCAGAGGTGAAATTCTTGGATTTTGATCAGACGAACTACTGCGAAAGCATTTACCAGGGATGTTTTCATTAATCAAGAACGAAAGTTAGGGGATCGAAGATGATTAGATACCATCGTAGTCTTAACCATAAACTATGCCGACTAGGGATTGGTGAACGTATTAAGACGTCATCAGTACCTCGTGAGAAATCAAAGTCTTTGGGTTCTGGGGGGAGTATGGTCGCAAGGCTGAAACTTAAAGGAATTGACGGAAGGGCACCACCAGGAGTGGAGCCTGCGGCTTAATTTGACTCAACACGGGAAAACTTACCAGGTCCAGACATAAGTAGGATTGACAGATTGAGAGCTCTTTCATGATTGTATGGGTGGTGGTGCATGGCCGTTCTTAGTTGGTGGAGTGATTTGTCTGGTTAATTCCGTTAACGAACGAGACCTCAGCCTACTAAATAGACCGAGCATTGTTACAATGCGACGGACTTCTTAGAGGGACTTTCTGGTTCTACCGGAAGGAAGTTTGAGGCAATAACAGGTCTGTGATGCCCTTAGATGTTCTGGGCCGCACGCGCGCTACAATGGCAGACTCAGCGAGTTACCTCTGTCGAAAGGCACAGGGAATCTTTACAGTATCTGTCGTGATGGGGATAGACCCTTGTAATTTTTGGTCTTCAACGAGGAATTCCTAGTAAACGCAAGTCATTAACTTGCATTGATTACGTCCCTGCCCTTTGTACACACCGCCCGTCGCACCTACCGATTGAATGGTCCGGTGAAGTCCTCGGACCCAGTTTAACCTCGAGTTGGACAGGGAAAGTCGACTAAATCTTACCATTTAGAGGAAGGTGAAGTCGTAACAAGGTTTCC",58
"39","asv_059","Eukaryota","Stramenopiles","Sagenista","Labyrinthulomycetes","Labyrinthulida","Labyrinthulaceae","Labyrinthula","Labyrinthula_sp.",100,100,100,100,100,100,100,100,0,0,30,20,"AGTCATACGCTTGTCTCAAAGATTAAGCCATGCATGTGTAAGTTCAAGCATTTGTAACGTGAAACTGCGAATGGCTCATTACAACAGTTATAGTTTACTTGATAAACCTTCTACAGGGATAACCGTAGTAATTCTAGAGCTAATACTTGCACCTAGCATTTATTGGATTTTACCAGTCCGGCTTGCCGGTTTCGGGTGAGTCACAACAAACAAGCATATCGCCAGTCGATAAATCATTCAAGTTTCTGCCCTATCAGCTGTAGATGGTAGAGTATTGGCCTACCATGGCATTCACGGGTAACGGGGAATTAGGGTTCTATTCCGGAGAGGGAGCCTGAGAGACGGCTACCACATCCAAGGAAGGCAGCAGGCGCGCAAATTACCCAATCCTGACACGGGGAGGTAGTGACAAGGAATAACAATACGGAACCTCATGGTTTTGTAATTGGAATGAGAACAATCTAAAAACATTAGCGAGGATCGATTGGAGGGCAAGTCTGGTGCCAGCAGCCGCGGTAATTCCAGCTCCAATAGCGTATATTAAAGTTGTTGCAGTTAAAAAGCTCGTAGTTGAAGTTCGGGAGAATGGAACCGGACCACGGGACCGCCTCCCAAATTCGCAAACACGACTCCACGTATTAATTTGCGTGTTGCTCGGGTTGCGTCGTTTACTGTGAACAAATTAGGGTGTTTAAAGCAGTCTTACGTTTGAATACACTAGCATGGAATAATAAGATACGACCTTGGTCGAGTTTTATTGGTGACCACCAGGGTAATGATTGATAGGAACTGTTGTGGGTATTCGTATGAGCATGTCAGAGGTGAAATTCTTGGATTTTGATCAGACGAACTACTGCGAAAGCATTTACCAGGGATGTTTTCATTAATCAAGAACGAAAGTTAGGGGATCGAAGATGATTAGATACCATCGTAGTCTTAACCATAAACTATGCCGACTAGGGATTGGTGAACGTATTAAGACGTCATCAGTACCTCGTGAGAAATCAAAGTCTTTGGGTTCTGGGGGGAGTATGGTCGCAAGGCTGAAACTTAAAGGAATTGACGGAAGGGCACCACCAGGAGTGGAGCCTGCGGCTTAATTTGACTCAACACGGGAAAACTTACCAGGTCCAGACATAAGTAGGATTGACAGATTGAGAGCTCTTTCATGATTGTATGGGTGGTGGTGCATGGCCGTTCTTAGTTGGTGGAGTGATTTGTCTGGTTAATTCCGTTAACGAACGAGACCTCAGCCTACTAAATAGACCGAGCATTGTTACAATGCGACGGACTTCTTAGAGGGACTTTCTGGTTCTACCGGAAGGAAGTTTGAGGCAATAACAGGTCTGTGATGCCCTTAGATGTTCTGGGCCGCACGTGCGCTACAATGGCAGACTCAGCGAGTTACCTCTGTCGAAAGGCACAGGGAATCTTTACAGTATCTGCCGTGATGGGGATAGACCCTTGTAATTTTTGGTCTTCAACGAGGAATTCCTAGTAAACGCAAGTCATTAACTTGCATTGATTACGTCCCTGTCCTTTGTACACACCGCCCGTCGCACCTACCGATTGAATGGTCCGGTGAAGTCCTCGGACCCAGTTTAACCTCGAGTTGGACAGGGAAAGTCGACTAAATCCTACCATTTAGAGGAAGGTGAAGTCGTAACAAGGTTTCC",50
"40","asv_062","Eukaryota","Stramenopiles","Sagenista","Labyrinthulomycetes","Labyrinthulida","Labyrinthulaceae","Labyrinthula","Labyrinthula_sp.",100,100,100,100,100,100,100,100,0,0,48,0,"AGTCATACGCTTGTCTCAAAGATTAAGCCATGCATGTGTAAGTTCAAGCATTTGTAACGTGAAACTGCGAATGGCTCATTACAACAGTTATAGTTTACTTGATAAACCTTCTACAGGGATAACCGTAGTAATTCTAGAGCTAATACTTGCACCTAGCATTTATTGGATTTTACCAGTCCGGCTTGCCGGTTTCGGGTGAGTCACAACAAACAAGCATATCGCCAGTCGATAAATCATTCAAGTTTCTGCCCTATCAGCTGTAGATGGTAGAGTATTGGCCTACCATGGCATTCACGGGTAACGGGGAATTAGGGTTCTATTCCGGAGAGGGAGCCTGAGAGACGGCTACCACATCCAAGGAAGGCAGCAGGCGCGCAAATTACCCAATCCTGACACGGGGAGGTAGTGACAAGGAATAACAATACGGAACCTCATGGTTTTGTAATTGGAATGAGAACAATCTAAAAACATTAGCGAGGATCGATTGGAGGGCAAGTCTGGTGCCAGCAGCCGCGGTAATTCCAGCTCCAATAGCGTATATTAAAGTTGTTGCAGTTAAAAAGCTCGTAGTTGAAGTTCGGGAGAATGGAACCGGACCACGGGACCGCCTCCCAAATTCGCAAACACGACTCCACGTATTAATTTGCGTGTTGCTCGGGTTGCGTCGTTTACTGTGAACAAATTAGGGTGTTTAAAGCAGTCTTACGTTTGAATACACTAGCATGGAATAATAAGATACGACCTTGGTCGAGTTTTATTGGTGACCACCAGGGTAATGATTGATAGGAACTGTTGTGGGTATTCGTATGAGCATGTCAGAGGTGAAATTCTTGGATTTTGATCAGACGAACTACTGCGAAAGCATTTACCAGGGATGTTTTCATTAATCAAGAACGAAAGTTAGGGGATCGAAGATGATTAGATACCATCGTAGTCTTAACCATAAACTATGCCGACTAGGGATTGGTGAACGTATTAAGACGTCATCAGTACCTCGTGAGAAATCAAAGTCTTTGGGTTCTGGGGGGAGTATGGTCGCAAGGCTGAAACTTAAAGGAATTGACGGAAGGGCACCACCAGGAGTGGAGCCTGCGGCTTAATTTGACTCAACACGGGAAAACCTACCAGGTCCAGACATAAGTAGGATTGACAGATTGAGAGCTCTTTCATGATTGTATGGGTGGTGGTGCATGGCCGTTCTTAGTTGGTGGAGTGATTTGTCTGGTTAATTCCGTTAACGAACGAGACCTCAGCCTACTAAATAGACCGAGCATTGTTACAATGCGACGGACTTCTTAGAGGGACTTTCTGGTTCTACCGGAAGGAAGTTTGAGGCAATAACAGGTCTGTGATGCCCTTAGATGTTCTGGGCCGCACGCGCGCTACAATGGCAGACTCAGCGAGTTACCTCTGTCGAAAGGCACAGGGAATCTTTACAGTATCTGCCGTGATGGGGATAGACCCTTGTAATTTTTGGTCTTCAACGAGGAATTCCTAGTAAACGCAAGTCATTAACTTGCATTGATTACGTCCCTGCCCTTTGTACACACCGCCCGTCGCACCTACCGATTGAATGGTCCGGTGAAGTCCTCGGACCCAGTTTAACCTCGAGTTGGACAGGGAAAGTCGACTAAATCTTACCATTTAGAGGAAGGTGAAGTCGTAACAAGGTTTCC",48
"41","asv_065","Eukaryota","Stramenopiles","Sagenista","Labyrinthulomycetes","Labyrinthulida","Labyrinthulaceae","Labyrinthula","Labyrinthula_sp.",100,100,100,100,100,100,100,100,0,0,42,0,"AGTCATACGCTTGTCTCAAAGATTAAGCCATGCATGTGTAAGTTCAAGCATTTGTAACGTGAAACTGCGAATGGCTCATTACAACAGTTATAGTTTACTTGATAAACCTTCTACAGGGATAACCGTAGTAATTCTAGAGCTAATACTTGCACCTAGCATTTATTGGATTTTACCAGTCCGGCTTGCCGGTTTCGGGTGAGTCACAACAAACAAGCATATCGCCAGTCGATAAATCATTCAAGTTTCTGCCCTATCAGCTGTAGATGGTAGAGTATTGGCCTACCATGGCATTCACGGGTAACGGGGAATTAGGGTTCTATTCCGGAGAGGGAGCCTGAGAGACGGCTACCACATCCAAGGAAGGCAGCAGGCGCGCAAATTACCCAATCCTGACACGGGGAGGTAGTGACAAGGAATAACAATACGGAACCTCATGGTTTTGTAATTGGAATGAGAACAATCTAAAAACATTAGCGAGGATCGATTGGAGGGCAAGTCTGGTGCCAGCAGCCGCGGTAATTCCAGCTCCAATAGCGTATATTAAAGTTGTTGCAGTTAAAAAGCTCGTAGTTGAAGTTCGGGAGAATGGAACCGGACCACGGGACCGCCTCCCAAATTCGCAAACACGACTCCACGTATTAATTTGCGTGTTGCTCGGGTTGCGTCGTTTACTGTGAACAAATTAGGGTGTTTAAAGCAGTCTTACGTTTGAATACACTAGCATGGAATAATAAGATACGACCTTGGTCGAGTTTTATTGGTGACCACCAGGGTAATGATTGATAGGAACTGTTGTGGGTATTCGTATGAGCATGTCAGAGGTGAAATTCTTGGATTTTGATCAGACGAACTACTGCGAAAGCATTTACCAGGGATGTTTTCATTAATCAAGAACGAAAGTTAGGGGATCGAAGATGATTAGATACCATCGTAGTCTTAACCATAAACTATGCCGACTAGGGATTGGTGAACGTATTAAGACGTCATCAGTACCTCGTGAGAAATCAAAGTCTTTGGGTTCTGGGGGGAGTATGGTCGCAAGGCTGAAACTTAAAGGAATTGACGGAAGGGCACCACCAGGAGTGGAGCCTGCGGCTTAATTTGACTCAACACGGGAAAACTTACCAGGTCCAGACATAAGTAGGATTGGCAGATTGAGAGCTCTTTCATGATTGTATGGGTGGTGGTGCATGGCCGTTCTTAGTTGGTGGAGTGATTTGTCTGGTTAATTCCGTTAACGAACGAGACCTCAGCCTACTAAATAGACCGAGCATTGTTACAATGCGACGGACTTCTTAGAGGGACTTTCTGGTTCTACCGGAAGGAAGTTTGAGGCAATAACAGGTCTGTGATGCCCTTAGATGTTCTGGGCCGCACGCGCGCTACAATGGCAGACTCAGCGAGTTACCTCTGTCGAAAGGCACAGGGAATCTTTACAGTATCTGCCGTGATGGGGATAGACCCTTGTAATTTTTGGTCTTCAACGAGGAATTCCTAGTAAACGCAAGTCATTAACTTGCATTGATTACGTCCCTGCCCTTTGTACACACCGCCCGTCGCACCTACCGATTGAATGGTCCGGTGAAGTCCTCGGACCCAGTTTAACCTCGAGTTGGACAGGGAAAGTCGACTAAATCTTACCATTTAGAGGAAGGTGAAGTCGTAACAAGGTTTCC",42
"42","asv_066","Eukaryota","Stramenopiles","Sagenista","Labyrinthulomycetes","Labyrinthulida","Labyrinthulaceae","Labyrinthula","Labyrinthula_sp.",100,100,100,100,100,100,100,100,0,0,42,0,"AGTCATACGCTTGTCTCAAAGATTAAGCCATGCATGTGTAAGTTCAAGCATTTGTAACGTGAAACTGCGAATGGCTCATTACAACAGTTATAGTTTACTTGATAAACCTTCTACAGGGATAACCGTATTAATTCTAGAGCTAATACTTGCACCTAGCATTTATTGGATTTTACCAGTCCGGCTTGCCGGTTTCGGGTGAGTCACAACAAACAAGCATATCGCCAGTCGATAAATCATTCAAGTTTCTGCCCTATCAGCTGTAGATGGTAGAGTATTGGCCTACCATGGCATTCACGGGTAACGGGGAATTAGGGTTCTATTCCGGAGAGGGAGCCTGAGAGACGGCTACCACATCCAAGGAAGGCAGCAGGCGCGCAAATTACCCAATCCTGACACGGGGAGGTAGTGACAAGGAATAACAATACGGAACCTCATGGTTTTGTAATTGGAATGAGAACAATCTAAAAACATTAGCGAGGATCGATTGGAGGGCAAGTCTGGTGCCAGCAGCCGCGGTAATTCCAGCTCCAATAGCGTATATTAAAGTTGTTGCAGTTAAAAAGCTCGTAGTTGAAGTTCGGGAGAATGGAACCGGACCACGGGACCGCCTCCCAAATTCGCAAACACGACTCCACGTATTAATTTGCGTGTTGCTCGGGTTGCGTCGTTTACTGTGAACAAATTAGGGTGTTTAAAGCAGTCTTACGTTTGAATACACTAGCATGGAATAATAAGATACGACCTTGGTCGAGTTTTAGAGGTGAAATTCTTGGATTTTGATCAGACGAACTACTGCGAAAGCATTTACCAGGGATGTTTTCATTAATCAAGAACGAAAGTTAGGGGATCGAAGATGATTAGATACCATCGTAGTCTTAACCATAAACTATGCCGACTAGGGATTGGTGAACGTATTAAGACGTCATCAGTACCTCGTGAGAAATCAAAGTCTTTGGGTTCTGGGGGGAGTATGGTCGCAAGGCTGAAACTTAAAGGAATTGACGGAAGGGCACCACCAGGAGTGGAGCCTGCGGCTTAATTTGACTCAACACGGGAAAACTTACCAGGTCCAGACATAAGTAGGATTGACAGATTGAGAGCTCTTTCATGATTGTATGGGTGGTGGTGCATGGCCGTTCTTAGTTGGTGGAGTGATTTGTCTGGTTAATTCCGTTAACGAACGAGACCTCAGCCTACTAAATAGACCGAGCATTGTTACAATGCGACGGACTTCTTAGAGGGACTTTCTGGTTCTACCGGAAGGAAGTTTGAGGCAATAACAGGTCTGTGATGCCCTTAGATGTTCTGGGCCGCACGCGCGCTACAATGGCAGACTCAGCGAGTTACCTCTGTCGAAAGGCACAGGGAATCTTTACAGTATCTGCCGTGATGGGGATAGACCCTTGTAATTTTTGGTCTTCAACGAGGAATTCCTAGTAAACGCAAGTCATTAACTTGCATTGATTACGTCCCTGCCCTTTGTACACACCGCCCGTCGCACCTACCGATTGAATGGTCCGGTGAAGTCCTCGGACCCAGTTTAACCTCGAGTTGGACAGGGAAAGTCGACTAAATCTTACCATTTAGAGGAAGGTGAAGTCGTAACAAGGTTTCC",42
"43","asv_073","Eukaryota","Stramenopiles","Sagenista","Labyrinthulomycetes","Labyrinthulida","Labyrinthulaceae","Labyrinthula","Labyrinthula_sp.",100,100,100,100,100,100,100,100,0,0,34,0,"AGTCATACGCTTGTCTCAAAGATTAAGCCATGCATGTGTAAGTTCAAGCATTTGTAACGTGAAACTGCGAATGGCTCATTACAACAGTTATAGTTTACTTGATAAACCTTCTACAGGGATAACCGTAGTAATTCTAGAGCTAATACTTGCACCTAGCATTTATTGGATTTTACCAGTCCGGCTTGCCGGTTTCGGGTGAGTCACAACAAACAAGCATATCGCCAGTCGATAAATCATTCAAGTTTCTGCCCTATCAGCTGTAGATGGTAGAGTATTGGCCTACCATGGCATTCACGGGTAACGGGGAATTAGGGTTCTATTCCGGAGAGGGAGCCTGAGAGACGGCTACCACATCCAAGGAAGGCAGCAGGCGCGCAAATTACCCAATCCTGACACGGGGAGGTAGTGACAAGGAATAACAATACGGAACCTCATGGTTTTGTAATTGGAATGAGAACAATCTAAAAACATTAGCGAGGATCGATTGGAGGGCAAGTCTGGTGCCAGCAGCCGCGGTAATTCCAGCTCCAATAGCGTATATTAAAGTTGTTGCAGTTAAAAAGCTCGTAGTTGAAGTTCGGGAGAATGGAACCGGACCACGGGACCGCCTCCCAAATTCGCAAACACGACTCCACGTATTAATTTGCGTGTTGCTCGGGTTGCGTCGTTTACTGTGAACAAATTAGGGTGTTTAAAGCAGTCTTACGTTTGAATACACTAGCATGGAATAATAAGATACGACCTTGGTCGAGTTTTATTGGTGACCACCAGGGTAATGATTGATAGGAACTGTTGTGGGTATTCGTATGAGCATGTCAGAGGTGAAATTCTTGGATTTTGATCAGACGAACTACTGCGAAAGCATTTACCAGGGATGTTTTCATTAATCAAGAACGAAAGTTAGGGGATCGAAGATGATTAGATACCATCGTAGTCTTAACCATAAACTATGCCGACTAGGGATTGGTGAACGTATTAAGACGTCATCAGTACCTCGTGAGAAATCAAAGTCTTTGGGTTCTGGGGGGAGTATGGTCGCAAGGCTGAAACTTAAAGGAATTGACGGAAGGGCACCACCAGGAGTGGAGCCTGCGGCTTAATTTGACTCAACACGGGAAAACTTACCAGGTCCAGACATAAGTAGGATTGACAGATTGAGAGCTCTTTCATGATTGTATGGGTGGTGGTGCATGGCCGTTCTTAGTTGGTGGAGTGATTTGTCTGGTTAATTCCGTTAACGAACGAGACCTCAGCCTACTAAATAGACCGAGCATTGTTACAATGCGACGGACTTCTTAGAGGGACTTTCTGGTTCTACCGGAAGGAAGTTTGAGGCAATAACAGGTCTGTGATGCCCTTAGATGTTCTGGGCCGCACGCGCGCTACAATGGCAGACTCAGCGAGTTACCTCTGTCGAAAGGCACAGGGAAGCTTTACAGTATCTGCCGTGATGGGGATAGACCCTTGTAATTTTTGGTCTTCAACGAGGAATTCCTAGTAAACGCAAGTCATTAACTTGCATTGATTACGTCCCTGCCCTTTGTACACACCGCCCGTCGCACCTACCGATTGAATGGTCCGGTGAAGTCCTCGGACCCAGTTTAACCTCGAGTTGGACAGGGAAAGTCGACTAAATCTTACCATTTAGAGGAAGGTGAAGTCGTAACAAGGTTTCC",34
"44","asv_079","Eukaryota","Stramenopiles","Sagenista","Labyrinthulomycetes","Labyrinthulida","Labyrinthulaceae","Labyrinthula","Labyrinthula_sp.",100,100,100,100,100,100,100,100,0,0,0,28,"AGTCATACGCTTGTCTCAAAGATTAAGCCATGCATGTGTAAGTTCAAGCATTTGTAACGTGAAACTGCGAATGGCTCATTACAACAGTTATAGTTTACTTGATAAACCTTCTACAGGGATAACCGTAGTAATTCTAGAGCTAATACTTGCACCTAGCATTTATTGGATTTTACCAGTCCGGCTTGCCGGTTTCGGGTGAGTCACAACAAACAAGCATATCGCCAGTCGATAAATCATTCAAGTTTCTGCCCTATCAGCTGTAGATGGTAGAGTATTGGCCTACCATGGCATTCACGGGTAACGGGGAATTAGGGTTCTATTCCGGAGAGGGAGCCTGAGAGACGGCTACCACATCCAAGGAAGGCAGCAGGCGCGCAAATTACCCAATCCTGACACGGGGAGGTAGTGACAAGGAATAACAATACGGAACCTCATGGTTTTGTAATTGGAATGAGAACAATCTAAAAACATTAGCGAGGATCGATTGGAGGGCAAGTCTGGTGCCAGCAGCCGCGGTAATTCCGGCTCCAATAGCGTATATTAAATTTGTTGCAGTTAAAAAGCTCGTAGTTGAAGTTCGGGAGAATGGAACCGGACCACGGGACCGCCTCCCAAATTCGCAAACACGACTCCACGTATTAATTTGCGTGTTGCTCGGGTTGCGTCGTTTACTGTGAACAAATTAGGGTGTTTAAAGCAGTCTTACGTTTGAATACACTAGCATGGAATAATAAGATACGACCTTGGTCGAGTTTTATTGGTGACCACCAGGGTAATGATTGATAGGAACTGTTGTGGGTATTCGTATGAGCATGTCAGAGGTGAAATTCTTGGATTTTGATCAGACGAACTACTGCGAAAGCATTTACCAGGGATGTTTTCATTAATCAAGAACGAAAGTTAGGGGATCGAAGATGATTAGATACCATCGTAGTCTTAACCATAAACTATGCCGACTAGGGATTGGTGAACGTATTAAGACGTCATCAGTACCTCGTGAGAAATCAAAGTCTTTGGGTTCTGGGGGGAGTATGGTCGCAAGGCTGAAACTTAAAGGAATTGACGGAAGGGCACCACCAGGAGTGGAGCCTGCGGCTTAATTTGACTCAACACGGGAAAACTTACCAGGTCCAGACATAAGTAGGATTGACAGATTGAGAGCTCTTTCATGATTGTATGGGTGGTGGTGCATGGCCGTTCTTAGTTGGTGGAGTGATTTGTCTGGTTAATTCCGTTAACGAACGAGACCTCAGCCTACTAAATAGACCGAGCATTGTTACAATGCGACGGACTTCTTAGAGGGACTTTCTGGTTCTACCGGAAGGAAGTTTGAGGCAATAACAGGTCTGTGATGCCCTTAGATGTTCTGGGCCGCACGCGCGCTACAATGGCAGACTCAGCGAGTTACCTCTGTCGAAAGGCACAGGGAATCTTTACAGTATCTGCCGTGATGGGGATAGACCCTTGTAATTTTTGGTCTTCAACGAGGAATTCCTAGTAAACGCAAGTCATTAACTTGCATTGATTACGTCCCTGCCCTTTGTACACACCGCCCGTCGCACCTACCGATTGAATGGTCCGGTGAAGTCCTCGGACCCAGTTTAACCTCGAGTTGGACAGGGAAAGTCGACTAAATCTTACCATTTAGAGGAAGGTGAAGTCGTAACAAGGTTTCC",28
"45","asv_115","Eukaryota","Stramenopiles","Sagenista","Labyrinthulomycetes","Labyrinthulida","Labyrinthulaceae","Labyrinthula","Labyrinthula_sp.",100,100,100,100,100,100,100,100,0,3,7,0,"AGTCATACGCTTGTCTCAAAGATTAAGCCATGCATGTGTAAGTTCAAGCATTTGTAACGTGAAACTGCGAATGGCTCATTACAACTAGTTTCTGCCCTATCAGCTGTAGATGGTAGAGTATTGGCCTACCATGGCATTCACGGGTAACGGGGAATTAGGGTTCTATTCCGGAGAGGGAGCCTGAGAGACGGCTACCACATCCAAGGAAGGCAGCAGGCGCGCAAATTACCCAATCCTGACACGGGGAGGTAGTGACAAGGAATAACAATACGGAACCTCATGGTTTTGTAATTGGAATGAGAACAATCTAAAAACATTAGCGAGGATCGATTGGAGGGCAAGTCTGGTGCCAGCAGCCGCGGTAATTCCAGCTCCAATAGCGTATATTAAAGTTGTTGCAGTTAAAAAGCTCGTAGTTGAAGTTCGGGAGAATGGAACCGGACCACGGGACCGCCTCCCAAATTCGCAAACACGACTCCACGTATTAATTTGCGTGTTGCTCGGGTTGCGTCGTTTACTGTGAACAAATTAGGGTGTTTAAAGCAGTCTTACGTTTGAATACACTAGCATGGAATAATAAGATACGACCTTGGTCGAGTTTTATTGGTGACCACCAGGGTAATGATTGATAGGAACTGTTGTGGGTATTCGTATGAGCATGTCAGAGGTGAAATTCTTGGATTTTGATCAGACGAACTACTGCGAAAGCATTTACCAGGGATGTTTTCATTAATCAAGAACGAAAGTTAGGGGATCGAAGATGATTAGATACCATCGTAGTCTTAACCATAAACTATGCCGACTAGGGATTGGTGAACGTATTAAGACGTCATCAGTACCTCGTGAGAAATCAAAGTCTTTGGGTTCTGGGGGGAGTATGGTCGCAAGGCTGAAACTTAAAGGAATTGACGGAAGGGCACCACCAGGAGTGGAGCCTGCGGCTTAATTTGACTCAACACGGGAAAACTTACCAGGTCCAGACATAAGTAGGATTGACAGATTGAGAGCTCTTTCATGATTGTATGGGTGGTGGTGCATGGCCGTTCTTAGTTGGTGGAGTGATTTGTCTGGTTAATTCCGTTAACGAACGAGACCTCAGCCTACTAAATAGACCGAGCATTGTTACAATGCGACGGACTTCTTAGAGGGACTTTCTGGTTCTACCGGAAGGAAGTTTGAGGCAATAACAGGTCTGTGATGCCCTTAGATGTTCTGGGCCGCACGCGCGCTACAATGGCAGACTCAGCGAGTTACCTCTGTCGAAAGGCACAGGGAATCTTTACAGTATCTGCCGTGATGGGGATAGACCCTTGTAATTTTTGGTCTTCAACGAGGAATTCCTAGTAAACGCAAGTCATTAACTTGCATTGATTACGTCCCTGCCCTTTGTACACACCGCCCGTCGCACCTACCGATTGAATGGTCCGGTGAAGTCCTCGGACCCAGTTTAACCTCGAGTTGGACAGGGAAAGTCGACTAAATCTTACCATTTAGAGGAAGGTGAAGTCGTAACAAGGTTTCC",10
"46","asv_130","Eukaryota","Hacrobia","Cryptophyta","Cryptophyceae","Goniomonadales","Goniomonadales_X","Goniomonas","Goniomonas_amphinema",100,100,100,100,99,99,99,64,0,0,6,0,"AGTCATACGCTTGTCTCAAAGATTAAGCCATGCATGTGTAAGTTCAAGCATTTGTAACGTGAAACTGCGAATGGCTCATTACAACAGTTATAGTTTACTTGATAAACCTTCTACAGGGATAACCGTAGTAATTCTAGAGCTAATACTTGCACCTAGCATTTATTGGATTTTACCAGTCCGGCTTGCCGGTTTCGGGTGAGTCACAACAAACAAGCATATCGCCAGTCGATAAATCATTCAAGTTTCTGCCCTATCAACTTTCGATGGTAGGATAGAGGCCTACCATGGTTTTAACGGGTGACGGAGAATTAGGGTTCGATTCCGGAGAGGGAGCCTGAGAGACGGCTACCACATCCAAGGAAGGCAGCAGGCGCGCAAATTACCCAATCCCGATACGGGGAGGTAGTGACAATAAATAACAATACAGGGCTCTACGAGTCTTGTAATTGGAATGAGTACAATTTAAATCCCTTAACGAGGATCAATTAGAGGGCAAGTCTGGTGCCAGCAGCCGCGGTAATTCCAGCTCTAACAGCGTATATTAAAGTTGTTGCAGTTAAAAAGCTCGTAGTTGGATTTTGGGGTCGGGCACGCTGTCGGGCTCTGCTCGGATTGGCATGACCGGCCCTTTCCTTCTGGGGACCGCGTTCCTCTTGATTGAGGGGCGTTGGGACGCAGATCGTTTACTTTGAAAAAATTAGAGTGTTCAAAGCAGGCAATCGCTTGAATACATTAGCATGGAATAATGGAATAGGACTCCGGTTCTATTTTGTTGGTTTCTAGGACCGAAGTAATGATTAATAGGGATAGTTGGGGGCGTTTGTATTCCGTTGTCAGAGGTGAAATTCTTGGATTTACGGAAGACAAACTTCTGCGAAAGCATTCGCCAAGGATGTTTTCATTAATCAAGAACGAAAGTTAGGGGATCGAAGACGATCAGATACCGTCGTAGTCTTAACCATAAACTATGCCGACTAGGGATCAGCAGACGTTATCAATGACTCTGCTGGCACCTTGTGAGAAATCAAAGTTTTTGGGTTCCGGGGGGAGTATGGTCGCAAGGCTGAAACTTAAAGGAATTGACGGAAGGGCACCACCAGGAGTGGAGCCTGCGGCTTAATTTGACTCAACACGGGGAAACTTACCAGGTCCAGACATAGTAAGGATTGACAGATTGAAAGCTCTTTCTTGATTCTATGGGTGGTGGTGCATGGCCGTTCTTAGTTGGTGGAGTGATTTGTCTGGTTAATTCCGTTAACGAACGAGACCTCAGCCTGCTAAATAGACACGTGAATGCTTGCATTTGCGGCCGTCTTCTTAGAGGGACTATTTGTGTTTAACGAATGGAAGTTTGAGGCAATAACAGGTCTGTGATGCCCTTAGATGTTCTGGGCCGCACGCGCGCTACACTGATGAAGTCAACAAGTTCACAACCTTGACCGAAAGGCCCGGGTAAACTTTGAACTTTCATCGTGATGGGGATAGATTATTGCAATTATTAATCTTCAACGAGGAATTCCTAGTAAGCGTGATTCATCAGATCGCGTTGATTACGTCCCTGCCCTTTGTACACACCGCCCGTCGCTTGTACCGATTGGATGGTCCGGTGAATTCTTCGGATTGCTGGCGTTGGCTTCGCAAGTTGCCGACTGCTGCGAAAAGTTGATTAAACCTTATCATCTAGAGGAACAAGAAGTCGTAACAAGGTTTCC",6
